selected,Date,Type,No.,Payee,Category,Total,Approval Status,Action
,03/05/2025,Bill,2831186,Michael's Finer Meats and Seafood,Food,269.38,,
,03/05/2025,Bill,2830917,Michael's Finer Meats and Seafood,Food,436.46,,
,03/03/2025,Bill Payment (Check),,Michael's Finer Meats and Seafood,,-2165.02,,
,02/27/2025,Bill,2829020,Michael's Finer Meats and Seafood,Food,486.3,,
,02/18/2025,Bill Payment (Check),,Michael's Finer Meats and Seafood,,-166.26,,
,02/13/2025,Bill,2824501,Michael's Finer Meats and Seafood,Food,512.19,,
,02/11/2025,Bill,2822634,Michael's Finer Meats and Seafood,Food,227.72,,
,02/11/2025,Bill,2822995,Michael's Finer Meats and Seafood,Food,1011.72,,
,02/10/2025,Bill,2822635,Michael's Finer Meats and Seafood,Food,68.36,,
,02/06/2025,Bill,2821762,Michael's Finer Meats and Seafood,Food,21.84,,
,02/06/2025,Bill,2821820,Michael's Finer Meats and Seafood,Food,21.04,,
,02/04/2025,Bill Payment (Check),,Michael's Finer Meats and Seafood,,-6926.66,,
,01/30/2025,Bill,2819579,Michael's Finer Meats and Seafood,Food,123.38,,
,01/28/2025,Bill,2818290,Michael's Finer Meats and Seafood,Food,587.34,,
,01/28/2025,Bill,2815306,Michael's Finer Meats and Seafood,Food,242.58,,
,01/23/2025,Bill,2817135,Michael's Finer Meats and Seafood,Food,759.24,,
,01/23/2025,Bill,2817274,Michael's Finer Meats and Seafood,Food,1638.49,,
,01/22/2025,Bill,2816844,Michael's Finer Meats and Seafood,Food,1277.19,,
,01/21/2025,Bill,2816402,Michael's Finer Meats and Seafood,Food,131.8,,
,01/20/2025,Bill,2815805,Michael's Finer Meats and Seafood,Food,1422.4,,
,01/16/2025,Bill Payment (Check),11786,Michael's Finer Meats and Seafood,,-1262.3,,
,01/15/2025,Bill,2814537,Michael's Finer Meats and Seafood,Food,218.19,,
,01/13/2025,Bill,2813914,Michael's Finer Meats and Seafood,Food,394.99,,
,01/13/2025,Bill,2813916,Michael's Finer Meats and Seafood,Food,254.44,,
,01/09/2025,Bill,2812865,Michael's Finer Meats and Seafood,Food,251.82,,
,01/09/2025,Bill,2812852,Michael's Finer Meats and Seafood,Food,62.87,,
,01/09/2025,Bill,2812939,Michael's Finer Meats and Seafood,Food,111.8,,
,01/07/2025,Bill Payment (Check),,Michael's Finer Meats and Seafood,,-9211.65,,
,01/03/2025,Bill,2811060,Michael's Finer Meats and Seafood,Food,424.8,,
,01/02/2025,Bill,2794354,Michael's Finer Meats and Seafood,Production-Decor and Floral,182.22,,
,01/02/2025,Bill,2792602,Michael's Finer Meats and Seafood,Food,267.6,,
,01/02/2025,Bill,2811059,Michael's Finer Meats and Seafood,Food,571.48,,
,12/30/2024,Bill,2810081,Michael's Finer Meats and Seafood,Food,2492.19,,
,12/27/2024,Bill,2809439,Michael's Finer Meats and Seafood,Food,263.03,,
,12/24/2024,Bill Payment (Check),,Michael's Finer Meats and Seafood,,-7894.9,,
,12/23/2024,Bill,JTC2808003,Michael's Finer Meats and Seafood,Food,134.37,,
,12/20/2024,Bill,2806946,Michael's Finer Meats and Seafood,Food,244.86,,
,12/20/2024,Bill,2807493,Michael's Finer Meats and Seafood,Food,317.89,,
,12/17/2024,Bill,2805200,Michael's Finer Meats and Seafood,Food,136.15,,
,12/16/2024,Bill,2804850,Michael's Finer Meats and Seafood,Food,2545.33,,
,12/13/2024,Bill,2804410,Michael's Finer Meats and Seafood,Food,456.46,,
,12/12/2024,Bill,2803775,Michael's Finer Meats and Seafood,Food,345.03,,
,12/11/2024,Bill,2803284,Michael's Finer Meats and Seafood,Food,1917.86,,
,12/11/2024,Bill,2803365,Michael's Finer Meats and Seafood,Food,97.09,,
,12/10/2024,Bill Payment (Check),,Michael's Finer Meats and Seafood,,-2985.67,,
,12/06/2024,Bill,2801892,Michael's Finer Meats and Seafood,Food,231.92,,
,12/06/2024,Bill,2801895,Michael's Finer Meats and Seafood,Food,77.94,,
,12/05/2024,Bill,2801181,Michael's Finer Meats and Seafood,Food,129.72,,
,12/05/2024,Bill,2800992,Michael's Finer Meats and Seafood,Food,512.84,,
,12/03/2024,Bill,2800017,Michael's Finer Meats and Seafood,Food,788.73,,
,11/30/2024,Bill,2799484,Michael's Finer Meats and Seafood,Food,739.5,,
,11/30/2024,Bill,2799449,Michael's Finer Meats and Seafood,Food,2488.8,,
,11/21/2024,Vendor Credit,2797109,Michael's Finer Meats and Seafood,Food,-101.41,,
,11/15/2024,Bill,2794657,Michael's Finer Meats and Seafood,Food,236.39,,
,11/14/2024,Bill Payment (Check),,Michael's Finer Meats and Seafood,,-4010.89,,
,11/12/2024,Bill,2793573,Michael's Finer Meats and Seafood,Food,381.17,,
,11/11/2024,Bill,2792736,Michael's Finer Meats and Seafood,Food,1369.96,,
,11/08/2024,Bill,2791885,Michael's Finer Meats and Seafood,Food,380.81,,
,11/07/2024,Bill,2791623,Michael's Finer Meats and Seafood,Food,45.56,,
,11/04/2024,Vendor Credit,2790573,Michael's Finer Meats and Seafood,Food,-458.87,,
,11/04/2024,Bill,2790175,Michael's Finer Meats and Seafood,Food,55.9,,
,10/31/2024,Bill Payment (Check),,Michael's Finer Meats and Seafood,,-2870.53,,
,10/31/2024,Bill,2789254,Michael's Finer Meats and Seafood,Food,111.8,,
,10/29/2024,Bill,2788171,Michael's Finer Meats and Seafood,Food,412.23,,
,10/26/2024,Bill,2787588,Michael's Finer Meats and Seafood,Food,458.87,,
,10/25/2024,Bill,2787447,Michael's Finer Meats and Seafood,Food,166.47,,
,10/25/2024,Bill,2787332,Michael's Finer Meats and Seafood,Food,253.95,,
,10/25/2024,Bill,2787099,Michael's Finer Meats and Seafood,Food,458.87,,
,10/24/2024,Bill,2786554,Michael's Finer Meats and Seafood,Food,239.85,,
,10/23/2024,Bill,2786275,Michael's Finer Meats and Seafood,Food,514.36,,
,10/21/2024,Bill,2785180,Michael's Finer Meats and Seafood,Food,113.8,,
,10/18/2024,Bill,2784799,Michael's Finer Meats and Seafood,Food,520.7,,
,10/17/2024,Bill,2784015,Michael's Finer Meats and Seafood,Food,515.88,,
,10/17/2024,Vendor Credit,2784322,Michael's Finer Meats and Seafood,Food,-50.01,,
,10/17/2024,Bill,2784254,Michael's Finer Meats and Seafood,Food,759.99,,
,10/16/2024,Bill,2783648,Michael's Finer Meats and Seafood,Food,1116.99,,
,10/15/2024,Bill,2783445,Michael's Finer Meats and Seafood,Food,158.17,,
,10/15/2024,Bill,2783412,Michael's Finer Meats and Seafood,Food,601.1,,
,10/15/2024,Bill Payment (Check),,Michael's Finer Meats and Seafood,,-18030.94,,
,10/14/2024,Bill,2782717,Michael's Finer Meats and Seafood,Food,938.37,,
,10/10/2024,Bill,2781467,Michael's Finer Meats and Seafood,Food,3171.5,,
,10/10/2024,Bill,2781698,Michael's Finer Meats and Seafood,Food,55.9,,
,10/04/2024,Bill,2779547,Michael's Finer Meats and Seafood,Food,715.02,,
,10/03/2024,Bill,2779015,Michael's Finer Meats and Seafood,Food,4990.04,,
,09/30/2024,Bill Payment (Check),,Michael's Finer Meats and Seafood,,-1964.22,,
,09/26/2024,Bill,2776937,Michael's Finer Meats and Seafood,Food,850.92,,
,09/25/2024,Bill,2776259,Michael's Finer Meats and Seafood,Food,5442.14,,
,09/25/2024,Bill,2776334,Michael's Finer Meats and Seafood,Food,1611.38,,
,09/23/2024,Bill,2775484,Michael's Finer Meats and Seafood,Food,3007.9,,
,09/18/2024,Bill,2773975,Michael's Finer Meats and Seafood,Food,78.57,,
,09/18/2024,Bill,2773632,Michael's Finer Meats and Seafood,Food,628.18,,
,09/18/2024,Bill,2773641,Michael's Finer Meats and Seafood,Food,76.5,,
,09/18/2024,Bill,2773921,Michael's Finer Meats and Seafood,Food,630.29,,
,09/16/2024,Bill Payment (Check),,Michael's Finer Meats and Seafood,,-4539.29,,
,09/16/2024,Bill Payment (Check),,Michael's Finer Meats and Seafood,,-1359.09,,
,09/16/2024,Bill,2772821,Michael's Finer Meats and Seafood,Food,365.38,,
,09/13/2024,Bill,2772373,Michael's Finer Meats and Seafood,Food,360.37,,
,09/10/2024,Bill,2770387,Michael's Finer Meats and Seafood,Food,288.07,,
,09/09/2024,Bill,2770386,Michael's Finer Meats and Seafood,Food,1053.25,,
,09/07/2024,Bill,2770155,Michael's Finer Meats and Seafood,Food,257.52,,
,09/05/2024,Bill Payment (Check),,Michael's Finer Meats and Seafood,,-1696.15,,
,08/30/2024,Bill Payment (Check),,Michael's Finer Meats and Seafood,,-11943.44,,
,08/26/2024,Bill Payment (Check),,Michael's Finer Meats and Seafood,,-380.61,,
,08/26/2024,Bill,2765877,Michael's Finer Meats and Seafood,Food,978.17,,
,08/23/2024,Bill,2765014,Michael's Finer Meats and Seafood,Food,380.92,,
,08/22/2024,Bill Payment (Check),,Michael's Finer Meats and Seafood,,-10938.07,,
,08/21/2024,Bill,2764125,Michael's Finer Meats and Seafood,Food,468.86,,
,08/20/2024,Bill Payment (Check),,Michael's Finer Meats and Seafood,,-1327.73,,
,08/20/2024,Bill,2763932,Michael's Finer Meats and Seafood,Food,187.61,,
,08/17/2024,Bill,2763128,Michael's Finer Meats and Seafood,Food,1057.39,,
,08/16/2024,Bill,2762689,Michael's Finer Meats and Seafood,Food,113.8,,
,08/15/2024,Bill,2762294,Michael's Finer Meats and Seafood,Food,925.88,,
,08/14/2024,Bill,2761693,Michael's Finer Meats and Seafood,Food,928.87,,
,08/14/2024,Bill,2761723,Michael's Finer Meats and Seafood,Food,239.67,,
,08/12/2024,Bill,2760767,Michael's Finer Meats and Seafood,Food,3220.95,,
,08/10/2024,Bill,2760622,Michael's Finer Meats and Seafood,Food,260.95,,
,08/08/2024,Bill,2759739,Michael's Finer Meats and Seafood,Food,641.75,,
,08/06/2024,Bill Payment (Check),,Michael's Finer Meats and Seafood,,-10568.35,,
,08/02/2024,Bill,2758112,Michael's Finer Meats and Seafood,Food,502.35,,
,08/01/2024,Bill,2757435,Michael's Finer Meats and Seafood,Food,109.68,,
,07/31/2024,Bill,2757003,Michael's Finer Meats and Seafood,Food,894.45,,
,07/30/2024,Bill,2755990,Michael's Finer Meats and Seafood,Food,252.49,,
,07/25/2024,Bill,2754918,Michael's Finer Meats and Seafood,Food,389.99,,
,07/24/2024,Bill,2754454,Michael's Finer Meats and Seafood,Food,481.15,,
,07/22/2024,Bill,2753527,Michael's Finer Meats and Seafood,Food,980.77,,
,07/19/2024,Bill,2752790,Michael's Finer Meats and Seafood,Food,1791.61,,
,07/18/2024,Bill,2752522,Michael's Finer Meats and Seafood,Food,251.27,,
,07/17/2024,Bill,2752094,Michael's Finer Meats and Seafood,Food,1358.17,,
,07/15/2024,Bill,2751184,Michael's Finer Meats and Seafood,Food,383.13,,
,07/11/2024,Bill Payment (Check),39293386,Michael's Finer Meats and Seafood,,-5262.39,,
,07/11/2024,Bill,2750027,Michael's Finer Meats and Seafood,Food,1818.82,,
,07/11/2024,Bill,2750030,Michael's Finer Meats and Seafood,Food,3439.79,,
,07/10/2024,Bill,2749770,Michael's Finer Meats and Seafood,Food,544.79,,
,07/03/2024,Bill,2747744,Michael's Finer Meats and Seafood,Food,3052.66,,
,07/01/2024,Bill,2746691,Michael's Finer Meats and Seafood,Food,376.81,,
,06/27/2024,Bill,2745682,Michael's Finer Meats and Seafood,Food,1213.64,,
,06/26/2024,Bill,2745122,Michael's Finer Meats and Seafood,Food,69.9,,
,06/26/2024,Bill Payment (Check),,Michael's Finer Meats and Seafood,,-18067.61,,
,06/25/2024,Bill,2744388,Michael's Finer Meats and Seafood,Food,754.56,,
,06/24/2024,Bill,2744324,Michael's Finer Meats and Seafood,Food,1821.72,,
,06/20/2024,Bill,2743259,Michael's Finer Meats and Seafood,Food,126.16,,
,06/20/2024,Bill,2742640,Michael's Finer Meats and Seafood,Food,337.06,,
,06/19/2024,Bill,2742666,Michael's Finer Meats and Seafood,Food,251.58,,
,06/19/2024,Bill,2742639,Michael's Finer Meats and Seafood,Food,107.96,,
,06/17/2024,Bill,2741812,Michael's Finer Meats and Seafood,Food,1676.76,,
,06/15/2024,Bill,2741141,Michael's Finer Meats and Seafood,Food,805.58,,
,06/14/2024,Bill,2741140,Michael's Finer Meats and Seafood,Food,1151.28,,
,06/12/2024,Bill,2740376,Michael's Finer Meats and Seafood,Food,1611.59,,
,06/11/2024,Bill,2739243,Michael's Finer Meats and Seafood,Food,890.6,,
,06/11/2024,Bill Payment (Check),,Michael's Finer Meats and Seafood,,-13089.83,,
,06/08/2024,Bill,2739090,Michael's Finer Meats and Seafood,Food,251.7,,
,06/08/2024,Bill,2739144,Michael's Finer Meats and Seafood,Food,169.13,,
,06/07/2024,Bill,2738786,Michael's Finer Meats and Seafood,Food,2569.49,,
,06/06/2024,Bill,2738148,Michael's Finer Meats and Seafood,Food,2772.31,,
,06/05/2024,Bill,2737602,Michael's Finer Meats and Seafood,Food,495.22,,
,06/04/2024,Bill,2736926,Michael's Finer Meats and Seafood,Food,372.22,,
,05/31/2024,Bill,2735889,Michael's Finer Meats and Seafood,Food,536.48,,
,05/30/2024,Bill,2735731,Michael's Finer Meats and Seafood,Food,1242.32,,
,05/30/2024,Bill,2735657,Michael's Finer Meats and Seafood,Food,962.5,,
,05/29/2024,Bill,2735221,Michael's Finer Meats and Seafood,Food,378.71,,
,05/29/2024,Bill,2734719,Michael's Finer Meats and Seafood,Food,5630.72,,
,05/28/2024,Bill,2734718,Michael's Finer Meats and Seafood,Food,1293.35,,
,05/28/2024,Bill Payment (Check),,Michael's Finer Meats and Seafood,,-7440.13,,
,05/28/2024,Bill Payment (Check),,Michael's Finer Meats and Seafood,,-9219.79,,
,05/24/2024,Bill,2734150,Michael's Finer Meats and Seafood,Food,725.47,,
,05/23/2024,Bill,2733575,Michael's Finer Meats and Seafood,Food,251.88,,
,05/22/2024,Bill,2732971,Michael's Finer Meats and Seafood,Food,647.76,,
,05/22/2024,Bill,2732811,Michael's Finer Meats and Seafood,Food,54.59,,
,05/21/2024,Bill,2732166,Michael's Finer Meats and Seafood,Food,1499.62,,
,05/20/2024,Bill,2731960,Michael's Finer Meats and Seafood,Food,863.76,,
,05/18/2024,Bill,2731773,Michael's Finer Meats and Seafood,Food,647.32,,
,05/17/2024,Bill,2731330,Michael's Finer Meats and Seafood,Food,131.95,,
,05/16/2024,Bill,2730897,Michael's Finer Meats and Seafood,Food,331.56,,
,05/15/2024,Bill,2730381,Michael's Finer Meats and Seafood,Food,6177,,
,05/15/2024,Bill,2730482,Michael's Finer Meats and Seafood,Food,1549.62,,
,05/14/2024,Bill,2729710,Michael's Finer Meats and Seafood,Food,167.92,,
,05/14/2024,Bill,2729684,Michael's Finer Meats and Seafood,Food,623.56,,
,05/13/2024,Bill,2729430,Michael's Finer Meats and Seafood,Food,941.71,,
,05/11/2024,Bill,2729230,Michael's Finer Meats and Seafood,Food,1200.51,,
,05/10/2024,Bill Payment (Check),,Michael's Finer Meats and Seafood,,-2355.22,,
,05/10/2024,Bill Payment (Check),,Michael's Finer Meats and Seafood,,-4354.9,,
,05/09/2024,Bill,2728347,Michael's Finer Meats and Seafood,Food,380.61,,
,05/09/2024,Bill,2728084,Michael's Finer Meats and Seafood,Food,1572.52,,
,05/08/2024,Bill,2727762,Michael's Finer Meats and Seafood,Food,1562.55,,
,05/06/2024,Bill,2726758,Michael's Finer Meats and Seafood,Food,188.54,,
,05/04/2024,Bill,2726577,Michael's Finer Meats and Seafood,Food,356.47,,
,05/03/2024,Bill,2726006,Michael's Finer Meats and Seafood,Food,431.88,,
,05/02/2024,Bill Payment (Check),,Michael's Finer Meats and Seafood,,-4724.01,,
,05/01/2024,Bill,2725421,Michael's Finer Meats and Seafood,Food,111.37,,
,05/01/2024,Bill,2725423,Michael's Finer Meats and Seafood,Food,584.46,,
,05/01/2024,Bill,2725198,Michael's Finer Meats and Seafood,Food,146.05,,
,04/30/2024,Bill,2725048,Michael's Finer Meats and Seafood,Food,557.27,,
,04/29/2024,Bill,2724171,Michael's Finer Meats and Seafood,Food,510.04,,
,04/27/2024,Bill,2723916,Michael's Finer Meats and Seafood,Food,2138.49,,
,04/27/2024,Bill,2724006,Michael's Finer Meats and Seafood,Food,254.46,,
,04/26/2024,Bill,2723861,Michael's Finer Meats and Seafood,Food,467.23,,
,04/26/2024,Bill,2723834,Michael's Finer Meats and Seafood,Food,566.18,,
,04/26/2024,Bill,2723441,Michael's Finer Meats and Seafood,Food,1058.63,,
,04/25/2024,Bill,2723180,Michael's Finer Meats and Seafood,Food,701.69,,
,04/24/2024,Bill,2722451,Michael's Finer Meats and Seafood,Food,1480.82,,
,04/24/2024,Bill,2722747,Michael's Finer Meats and Seafood,Food,646.29,,
,04/23/2024,Bill,2722400,Michael's Finer Meats and Seafood,Food,2271.87,,
,04/20/2024,Bill,2721430,Michael's Finer Meats and Seafood,Food,126.34,,
,04/20/2024,Bill,2721399,Michael's Finer Meats and Seafood,Food,421.95,,
,04/18/2024,Bill,2720415,Michael's Finer Meats and Seafood,Food,79.16,,
,04/18/2024,Bill,2720428,Michael's Finer Meats and Seafood,Food,1564.28,,
,04/17/2024,Bill,2720148,Michael's Finer Meats and Seafood,Food,254.82,,
,04/17/2024,Bill,2719874,Michael's Finer Meats and Seafood,Food,431.88,,
,04/16/2024,Bill,2719833,Michael's Finer Meats and Seafood,Food,260.53,,
,04/16/2024,Bill,2719836,Michael's Finer Meats and Seafood,Food,524.12,,
,04/16/2024,Bill,2719828,Michael's Finer Meats and Seafood,Food,368.4,,
,04/15/2024,Bill,2718963,Michael's Finer Meats and Seafood,Food,389.07,,
,04/15/2024,Bill Payment (Check),,Michael's Finer Meats and Seafood,,-2423.77,,
,04/13/2024,Bill,2718774,Michael's Finer Meats and Seafood,Food,386.93,,
,04/12/2024,Bill,2718234,Michael's Finer Meats and Seafood,Food,385.03,,
,04/12/2024,Bill,2718140,Michael's Finer Meats and Seafood,Food,518.17,,
,04/11/2024,Bill,2717436,Michael's Finer Meats and Seafood,Food,319.62,,
,04/10/2024,Bill,2717375,Michael's Finer Meats and Seafood,Food,3875.45,,
,04/10/2024,Bill,2717619,Michael's Finer Meats and Seafood,Food,848.56,,
,04/08/2024,Bill,2716503,Michael's Finer Meats and Seafood,Food,1179.83,,
,04/06/2024,Bill,2716015,Michael's Finer Meats and Seafood,Food,325.62,,
,04/05/2024,Bill,2715999,Michael's Finer Meats and Seafood,Food,296.84,,
,04/04/2024,Bill,2715464,Michael's Finer Meats and Seafood,Food,131.94,,
,04/04/2024,Bill,2715467,Michael's Finer Meats and Seafood,Food,94.45,,
,04/03/2024,Bill,2715246,Michael's Finer Meats and Seafood,Food,972.74,,
,04/02/2024,Bill,2714314,Michael's Finer Meats and Seafood,Food,1093.88,,
,04/01/2024,Bill Payment (Check),,Michael's Finer Meats and Seafood,,-2771.76,,
,03/29/2024,Bill,2713633,Michael's Finer Meats and Seafood,Food,125.91,,
,03/28/2024,Bill,2713395,Michael's Finer Meats and Seafood,Food,33.17,,
,03/28/2024,Bill,2713079,Michael's Finer Meats and Seafood,Food,372.29,,
,03/28/2024,Bill,2713069,Michael's Finer Meats and Seafood,Food,1137.7,,
,03/25/2024,Bill Payment (Check),,Michael's Finer Meats and Seafood,,-2868.39,,
,03/22/2024,Bill,2711036,Michael's Finer Meats and Seafood,Food,81.57,,
,03/21/2024,Bill,2710896,Michael's Finer Meats and Seafood,Food,498.47,,
,03/20/2024,Bill,2710404,Michael's Finer Meats and Seafood,Food,1078.59,,
,03/20/2024,Bill,2710422,Michael's Finer Meats and Seafood,Food,258.93,,
,03/18/2024,Bill,2709363,Michael's Finer Meats and Seafood,Food,138.66,,
,03/16/2024,Bill,2709216,Michael's Finer Meats and Seafood,Food,126.95,,
,03/15/2024,Bill,2708545,Michael's Finer Meats and Seafood,Food,2607.52,,
,03/15/2024,Bill,2708555,Michael's Finer Meats and Seafood,Food,131.94,,
,03/12/2024,Bill,2707640,Michael's Finer Meats and Seafood,Food,253.97,,
,03/12/2024,Bill,2707374,Michael's Finer Meats and Seafood,Food,1376.46,,
,03/09/2024,Bill,2706753,Michael's Finer Meats and Seafood,Food,1057.79,,
,03/08/2024,Bill,2706358,Michael's Finer Meats and Seafood,Food,1810.6,,
,03/07/2024,Bill,2706012,Michael's Finer Meats and Seafood,Food,1183.42,,
,03/07/2024,Bill,2705993,Michael's Finer Meats and Seafood,Food,252.68,,
,03/07/2024,Bill Payment (Check),,Michael's Finer Meats and Seafood,,-4210.7,,
,03/06/2024,Bill,2705450,Michael's Finer Meats and Seafood,Food,2305.68,,
,03/05/2024,Bill Payment (Check),,Michael's Finer Meats and Seafood,,-2048.89,,
,03/04/2024,Bill,2704552,Michael's Finer Meats and Seafood,Food,149.15,,
,03/04/2024,Bill Payment (Check),,Michael's Finer Meats and Seafood,,-4628.26,,
,03/02/2024,Bill,2704350,Michael's Finer Meats and Seafood,Food,1560.7,,
,02/29/2024,Bill,2703554,Michael's Finer Meats and Seafood,Food,250.17,,
,02/28/2024,Bill,2703204,Michael's Finer Meats and Seafood,Food,93.56,,
,02/26/2024,Bill,2702386,Michael's Finer Meats and Seafood,Food,252.37,,
,02/23/2024,Bill,2701500,Michael's Finer Meats and Seafood,Food,457.36,,
,02/23/2024,Bill,2701752,Michael's Finer Meats and Seafood,Food,142.26,,
,02/23/2024,Bill Payment (Check),,Michael's Finer Meats and Seafood,,-1119.22,,
,02/22/2024,Bill Payment (Check),,Michael's Finer Meats and Seafood,,-1108.17,,
,02/22/2024,Bill,2700943,Michael's Finer Meats and Seafood,Food,2605.1,,
,02/21/2024,Bill,2700715,Michael's Finer Meats and Seafood,Food,29.83,,
,02/21/2024,Bill,2700692,Michael's Finer Meats and Seafood,Food,1252.61,,
,02/21/2024,Bill Payment (Check),,Michael's Finer Meats and Seafood,,-3793.17,,
,02/20/2024,Bill,2700362,Michael's Finer Meats and Seafood,Food,51.2,,
,02/19/2024,Bill,2699834,Michael's Finer Meats and Seafood,Food,257.77,,
,02/17/2024,Bill,2699733,Michael's Finer Meats and Seafood,Food,131.98,,
,02/16/2024,Bill,2699472,Michael's Finer Meats and Seafood,Food,180.58,,
,02/16/2024,Bill,2699026,Michael's Finer Meats and Seafood,Food,3403.42,,
,02/15/2024,Bill,2698796,Michael's Finer Meats and Seafood,Food,305.03,,
,02/15/2024,Bill,2698791,Michael's Finer Meats and Seafood,Food,203.91,,
,02/14/2024,Bill,2698289,Michael's Finer Meats and Seafood,Food,44.73,,
,02/14/2024,Bill,2698545,Michael's Finer Meats and Seafood,Food,1119.22,,
,02/14/2024,Bill Payment (Check),,Michael's Finer Meats and Seafood,,-3179.91,,
,02/14/2024,Bill Payment (Check),,Michael's Finer Meats and Seafood,,-349.37,,
,02/12/2024,Bill,2697428,Michael's Finer Meats and Seafood,Food,854.45,,
,02/10/2024,Bill,2697102,Michael's Finer Meats and Seafood,Food,82.77,,
,02/09/2024,Bill,2696896,Michael's Finer Meats and Seafood,Food,253.72,,
,02/09/2024,Bill Payment (Check),,Michael's Finer Meats and Seafood,,-9852.75,,
,02/08/2024,Bill,2696244,Michael's Finer Meats and Seafood,Food,145.75,,
,02/08/2024,Bill,2695892,Michael's Finer Meats and Seafood,Food,1458.34,,
,02/08/2024,Bill,2696187,Michael's Finer Meats and Seafood,Food,445.36,,
,02/07/2024,Bill,2695547,Michael's Finer Meats and Seafood,Food,34.46,,
,02/07/2024,Bill Payment (Check),,Michael's Finer Meats and Seafood,,-3746.21,,
,02/07/2024,Bill,2695786,Michael's Finer Meats and Seafood,Food,306.22,,
,02/07/2024,Bill,2695577,Michael's Finer Meats and Seafood,Food,111.98,,
,02/06/2024,Bill Payment (Check),,Michael's Finer Meats and Seafood,,-358.61,,
,02/06/2024,Bill Payment (Check),,Michael's Finer Meats and Seafood,,-220.67,,
,02/05/2024,Bill,2694639,Michael's Finer Meats and Seafood,Food,712.26,,
,02/01/2024,Bill,2693608,Michael's Finer Meats and Seafood,Food,170.6,,
,01/31/2024,Bill,2693277,Michael's Finer Meats and Seafood,Food,919.79,,
,01/31/2024,Bill,2693284,Michael's Finer Meats and Seafood,Food,250.96,,
,01/29/2024,Bill,2692302,Michael's Finer Meats and Seafood,Food,220.67,,
,01/26/2024,Bill,2691753,Michael's Finer Meats and Seafood,Food,358.61,,
,01/25/2024,Bill,2691324,Michael's Finer Meats and Seafood,Food,302.57,,
,01/24/2024,Bill,2690935,Michael's Finer Meats and Seafood,Food,2565.55,,
,01/24/2024,Bill Payment (Check),,Michael's Finer Meats and Seafood,,-25300.25,,
,01/22/2024,Bill,2690016,Michael's Finer Meats and Seafood,Food,1374.11,,
,01/19/2024,Bill,2689605,Michael's Finer Meats and Seafood,Food,1094.97,,
,01/18/2024,Bill,2689095,Michael's Finer Meats and Seafood,Food,311.18,,
,01/17/2024,Bill,2688678,Michael's Finer Meats and Seafood,Food,1677.2,,
,01/17/2024,Bill,2688843,Michael's Finer Meats and Seafood,Food,252.13,,
,01/11/2024,Bill,2686820,Michael's Finer Meats and Seafood,Food,2862.5,,
,01/09/2024,Bill Payment (Check),,Michael's Finer Meats and Seafood,,-15222.69,,
,01/06/2024,Bill,2685582,Michael's Finer Meats and Seafood,Food,271.19,,
,01/05/2024,Bill,2685471,Michael's Finer Meats and Seafood,Food,1383.09,,
,01/04/2024,Bill,2684810,Michael's Finer Meats and Seafood,Food,887.56,,
,01/04/2024,Bill,2684807,Michael's Finer Meats and Seafood,Food,688.28,,
,01/03/2024,Bill,2684496,Michael's Finer Meats and Seafood,Food,263.96,,
,01/01/2024,Vendor Credit,500260-diff vendor,Michael's Finer Meats and Seafood,Food,-3004.86,,
,12/28/2023,Bill,2682839,Michael's Finer Meats and Seafood,Food,349.37,,
,12/26/2023,Bill Payment (Check),,Michael's Finer Meats and Seafood,,-9008.34,,
,12/21/2023,Bill,2680626,Michael's Finer Meats and Seafood,Food,149.16,,
,12/21/2023,Bill,2680509,Michael's Finer Meats and Seafood,Food,1410.69,,
,12/21/2023,Bill,2680728,Michael's Finer Meats and Seafood,Food,1452.06,,
,12/20/2023,Bill,2680252,Michael's Finer Meats and Seafood,Food,1077.58,,
,12/19/2023,Bill,2679628,Michael's Finer Meats and Seafood,Food,8326.21,,
,12/18/2023,Bill,2678967,Michael's Finer Meats and Seafood,Food,94.64,,
,12/16/2023,Bill,2678768,Michael's Finer Meats and Seafood,Food,252.31,,
,12/15/2023,Bill,2678267,Michael's Finer Meats and Seafood,Food,3574.9,,
,12/14/2023,Bill,2677852,Michael's Finer Meats and Seafood,Food,79.37,,
,12/14/2023,Bill,2677716,Michael's Finer Meats and Seafood,Food,2679.48,,
,12/13/2023,Bill,2677255,Michael's Finer Meats and Seafood,Food,359.88,,
,12/13/2023,Bill,2677442,Michael's Finer Meats and Seafood,Food,505.42,,
,12/13/2023,Bill,2676998,Michael's Finer Meats and Seafood,Food,5487.71,,
,12/13/2023,Bill,2677320,Michael's Finer Meats and Seafood,Food,519.64,,
,12/12/2023,Bill,2677152,Michael's Finer Meats and Seafood,Food,167.92,,
,12/12/2023,Bill,2676988,Michael's Finer Meats and Seafood,Food,1247.19,,
,12/12/2023,Bill,2676729,Michael's Finer Meats and Seafood,Food,261.08,,
,12/12/2023,Bill Payment (Check),,Michael's Finer Meats and Seafood,,-11763.59,,
,12/11/2023,Bill,2676179,Michael's Finer Meats and Seafood,Food,5715.93,,
,12/08/2023,Bill,2675699,Michael's Finer Meats and Seafood,Food,131.94,,
,12/08/2023,Bill,2675079,Michael's Finer Meats and Seafood,Food,616.4,,
,12/07/2023,Bill,2675057,Michael's Finer Meats and Seafood,Food,3495.11,,
,12/07/2023,Bill,2675078,Michael's Finer Meats and Seafood,Food,179.1,,
,12/06/2023,Bill,2674797,Michael's Finer Meats and Seafood,Food,1183.63,,
,12/05/2023,Bill,2674396,Michael's Finer Meats and Seafood,Food,727.81,,
,12/04/2023,Bill,2673594,Michael's Finer Meats and Seafood,Food,976.94,,
,12/02/2023,Bill,2673366,Michael's Finer Meats and Seafood,Food,432.74,,
,12/02/2023,Bill,2673397,Michael's Finer Meats and Seafood,Food,780.49,,
,12/01/2023,Bill,2672918,Michael's Finer Meats and Seafood,Food,807.15,,
,11/30/2023,Bill,2672575,Michael's Finer Meats and Seafood,Food,1118.83,,
,11/30/2023,Bill,2672683,Michael's Finer Meats and Seafood,Food,1720.52,,
,11/29/2023,Bill,2672266,Michael's Finer Meats and Seafood,Food,1901.98,,
,11/28/2023,Bill Payment (Check),,Michael's Finer Meats and Seafood,,-4205.14,,
,11/27/2023,Bill,2671389,Michael's Finer Meats and Seafood,Food,180.42,,
,11/27/2023,Bill,2670524,Michael's Finer Meats and Seafood,Food,180.94,,
,11/22/2023,Bill,2670287,Michael's Finer Meats and Seafood,Food,1179.53,,
,11/17/2023,Bill,2668837,Michael's Finer Meats and Seafood,Food,136.33,,
,11/17/2023,Bill,2668756,Michael's Finer Meats and Seafood,Food,1506.21,,
,11/16/2023,Bill,2668493,Michael's Finer Meats and Seafood,Food,359.88,,
,11/14/2023,Bill,2667676,Michael's Finer Meats and Seafood,Food,391.22,,
,11/14/2023,Bill Payment (Check),,Michael's Finer Meats and Seafood,,-15093.23,,
,11/10/2023,Bill,2666453,Michael's Finer Meats and Seafood,Food,107.51,,
,11/10/2023,Bill,2665895,Michael's Finer Meats and Seafood,Food,2411,,
,11/10/2023,Bill,2666044,Michael's Finer Meats and Seafood,Food,1396.02,,
,11/09/2023,Bill,2665891,Michael's Finer Meats and Seafood,Food,566.47,,
,11/09/2023,Bill,2665883,Michael's Finer Meats and Seafood,--Split--,1217.73,,
,11/08/2023,Bill,2665452,Michael's Finer Meats and Seafood,Food,2112.77,,
,11/06/2023,Bill,2664278,Michael's Finer Meats and Seafood,Food,487.7,,
,11/03/2023,Bill,2663913,Michael's Finer Meats and Seafood,Food,58.7,,
,11/02/2023,Bill,2663096,Michael's Finer Meats and Seafood,Food,620.41,,
,11/02/2023,Bill,2663058,Michael's Finer Meats and Seafood,Food,2701.33,,
,11/01/2023,Bill,2663048,Michael's Finer Meats and Seafood,Food,1791.37,,
,11/01/2023,Bill,2662797,Michael's Finer Meats and Seafood,Food,101.96,,
,11/01/2023,Bill Payment (Check),,Michael's Finer Meats and Seafood,,-3405.97,,
,11/01/2023,Bill Payment (Check),,Michael's Finer Meats and Seafood,,-11142.48,,
,10/30/2023,Bill,2661938,Michael's Finer Meats and Seafood,Food,320.69,,
,10/28/2023,Bill,2661761,Michael's Finer Meats and Seafood,Food,193.12,,
,10/27/2023,Bill,2661279,Michael's Finer Meats and Seafood,Food,947.61,,
,10/26/2023,Bill,2660813,Michael's Finer Meats and Seafood,Food,260.65,,
,10/25/2023,Bill,2660446,Michael's Finer Meats and Seafood,Food,261.51,,
,10/25/2023,Bill,2660356,Michael's Finer Meats and Seafood,Food,10192.71,,
,10/23/2023,Bill,2659336,Michael's Finer Meats and Seafood,Food,273.47,,
,10/23/2023,Bill,2659452,Michael's Finer Meats and Seafood,Food,756.05,,
,10/23/2023,Bill Payment (Check),,Michael's Finer Meats and Seafood,,-11237.07,,
,10/21/2023,Bill,2659335,Michael's Finer Meats and Seafood,Food,125.79,,
,10/19/2023,Bill,2658479,Michael's Finer Meats and Seafood,Food,706.8,,
,10/19/2023,Bill,2658526,Michael's Finer Meats and Seafood,Food,491.87,,
,10/19/2023,Bill,2658332,Michael's Finer Meats and Seafood,Food,2285.03,,
,10/19/2023,Bill,2658173,Michael's Finer Meats and Seafood,Food,3632.87,,
,10/19/2023,Bill Payment (Check),,Michael's Finer Meats and Seafood,,-8579.58,,
,10/17/2023,Bill Payment (Check),,Michael's Finer Meats and Seafood,,-19275.46,,
,10/16/2023,Bill,2657057,Michael's Finer Meats and Seafood,Food,1526.14,,
,10/14/2023,Bill,2656777,Michael's Finer Meats and Seafood,Food,589.74,,
,10/13/2023,Bill,2656604,Michael's Finer Meats and Seafood,Food,513.04,,
,10/12/2023,Bill,2655665,Michael's Finer Meats and Seafood,Food,9616.34,,
,10/11/2023,Bill,2655352,Michael's Finer Meats and Seafood,Food,1799.14,,
,10/11/2023,Bill Payment (Check),,Michael's Finer Meats and Seafood,,-17229.75,,
,10/10/2023,Bill,2654688,Michael's Finer Meats and Seafood,Food,362.78,,
,10/09/2023,Bill,2654562,Michael's Finer Meats and Seafood,Food,731.01,,
,10/07/2023,Bill,2654237,Michael's Finer Meats and Seafood,Food,128.85,,
,10/06/2023,Bill,2653829,Michael's Finer Meats and Seafood,Food,127.5,,
,10/06/2023,Bill,2653777,Michael's Finer Meats and Seafood,Food,1628.57,,
,10/05/2023,Bill,2653202,Michael's Finer Meats and Seafood,Food,4616.95,,
,10/04/2023,Bill,2652832,Michael's Finer Meats and Seafood,Food,1102.33,,
,10/03/2023,Bill,2652125,Michael's Finer Meats and Seafood,Food,620.73,,
,10/02/2023,Bill,2651861,Michael's Finer Meats and Seafood,Food,2430.06,,
,09/30/2023,Bill,2651737,Michael's Finer Meats and Seafood,Food,395.82,,
,09/30/2023,Bill,2651462,Michael's Finer Meats and Seafood,Food,866.76,,
,09/29/2023,Bill,2651484,Michael's Finer Meats and Seafood,Food,96.78,,
,09/29/2023,Bill,2651007,Michael's Finer Meats and Seafood,Food,141.78,,
,09/29/2023,Bill,2651459,Michael's Finer Meats and Seafood,Food,966.71,,
,09/28/2023,Bill,2650670,Michael's Finer Meats and Seafood,Food,2676.12,,
,09/27/2023,Bill,2650239,Michael's Finer Meats and Seafood,Food,162.59,,
,09/27/2023,Bill,2650238,Michael's Finer Meats and Seafood,Food,1902.93,,
,09/27/2023,Bill Payment (Check),,Michael's Finer Meats and Seafood,,-2190.21,,
,09/26/2023,Bill,2650174,Michael's Finer Meats and Seafood,Food,256.05,,
,09/26/2023,Bill,2647966,Michael's Finer Meats and Seafood,Food,390.79,,
,09/25/2023,Bill,2649364,Michael's Finer Meats and Seafood,Food,530.97,,
,09/23/2023,Bill,2649152,Michael's Finer Meats and Seafood,Food,137.94,,
,09/22/2023,Bill,2649008,Michael's Finer Meats and Seafood,Food,467.93,,
,09/21/2023,Bill,2648347,Michael's Finer Meats and Seafood,Food,55.5,,
,09/21/2023,Bill,2647998,Michael's Finer Meats and Seafood,Food,1361.11,,
,09/20/2023,Bill,2647935,Michael's Finer Meats and Seafood,Food,627.63,,
,09/20/2023,Bill,2647622,Michael's Finer Meats and Seafood,Food,790.39,,
,09/20/2023,Bill,2647624,Michael's Finer Meats and Seafood,Food,143.76,,
,09/19/2023,Bill,2647483,Michael's Finer Meats and Seafood,Food,388.21,,
,09/18/2023,Bill,2646842,Michael's Finer Meats and Seafood,Food,1648.54,,
,09/18/2023,Bill,2646859,Michael's Finer Meats and Seafood,Food,504.06,,
,09/16/2023,Bill,2646524,Michael's Finer Meats and Seafood,Food,75.81,,
,09/15/2023,Bill,2646325,Michael's Finer Meats and Seafood,Food,405.32,,
,09/15/2023,Bill,2646269,Michael's Finer Meats and Seafood,Food,1475.29,,
,09/14/2023,Bill,2645121,Michael's Finer Meats and Seafood,Food,4380.36,,
,09/14/2023,Bill,2645461,Michael's Finer Meats and Seafood,Food,55.42,,
,09/14/2023,Bill,2645422,Michael's Finer Meats and Seafood,Food,151.46,,
,09/13/2023,Bill,2645041,Michael's Finer Meats and Seafood,Food,388.27,,
,09/13/2023,Bill,2645128,Michael's Finer Meats and Seafood,Food,5091.19,,
,09/13/2023,Bill,2645017,Michael's Finer Meats and Seafood,Food,3096.79,,
,09/12/2023,Bill,2647597,Michael's Finer Meats and Seafood,Food,1765.31,,
,09/11/2023,Bill,2644103,Michael's Finer Meats and Seafood,Food,420.34,,
,09/11/2023,Bill Payment (Check),,Michael's Finer Meats and Seafood,,-20457.85,,
,09/08/2023,Bill,2643276,Michael's Finer Meats and Seafood,Food,1009.19,,
,09/08/2023,Bill,2643271,Michael's Finer Meats and Seafood,Food,639.12,,
,09/08/2023,Bill,2643753,Michael's Finer Meats and Seafood,Food,370.77,,
,09/08/2023,Bill Payment (Check),,Michael's Finer Meats and Seafood,,-647,,
,09/07/2023,Bill,2643077,Michael's Finer Meats and Seafood,Food,2175.95,,
,09/06/2023,Bill,2642775,Michael's Finer Meats and Seafood,Food,131.94,,
,09/06/2023,Bill,2642705,Michael's Finer Meats and Seafood,Food,2436.36,,
,09/06/2023,Bill,2642471,Michael's Finer Meats and Seafood,Food,208.76,,
,09/02/2023,Bill,2641923,Michael's Finer Meats and Seafood,Food,1105.02,,
,09/01/2023,Bill,2641611,Michael's Finer Meats and Seafood,Food,690.86,,
,08/31/2023,Bill,2640638,Michael's Finer Meats and Seafood,Food,3586.44,,
,08/31/2023,Bill,2640594,Michael's Finer Meats and Seafood,Food,1128.99,,
,08/31/2023,Bill,2640588,Michael's Finer Meats and Seafood,Food,1202.49,,
,08/31/2023,Bill,2640614,Michael's Finer Meats and Seafood,Food,46.81,,
,08/29/2023,Bill,2640011,Michael's Finer Meats and Seafood,Production-Decor and Floral,267.08,,
,08/29/2023,Bill,2640069,Michael's Finer Meats and Seafood,Food,105.06,,
,08/28/2023,Bill,2639389,Michael's Finer Meats and Seafood,Production-Decor and Floral,261.14,,
,08/26/2023,Bill,2639253,Michael's Finer Meats and Seafood,Food,126.09,,
,08/25/2023,Bill,2638713,Michael's Finer Meats and Seafood,Food,131.95,,
,08/23/2023,Bill,2637890,Michael's Finer Meats and Seafood,Food,871.21,,
,08/23/2023,Bill,2637871,Michael's Finer Meats and Seafood,Food,2575.27,,
,08/23/2023,Bill,2637865,Michael's Finer Meats and Seafood,Food,4184.35,,
,08/22/2023,Bill,2637644,Michael's Finer Meats and Seafood,Food,48.28,,
,08/21/2023,Bill,2636817,Michael's Finer Meats and Seafood,Food,393.03,,
,08/18/2023,Bill,2636032,Michael's Finer Meats and Seafood,Food,204.72,,
,08/18/2023,Bill,2636073,Michael's Finer Meats and Seafood,Food,357.42,,
,08/17/2023,Bill,2635843,Michael's Finer Meats and Seafood,Food,677.38,,
,08/17/2023,Bill,2635555,Michael's Finer Meats and Seafood,Food,5430.73,,
,08/12/2023,Bill,2634264,Michael's Finer Meats and Seafood,Food,467.46,,
,08/11/2023,Bill,2633726,Michael's Finer Meats and Seafood,Food,226.29,,
,08/10/2023,Bill,2633330,Michael's Finer Meats and Seafood,Food,94.76,,
,08/10/2023,Bill,2633347,Michael's Finer Meats and Seafood,Food,714.42,,
,08/08/2023,Bill Payment (Check),,Michael's Finer Meats and Seafood,,-1130.88,,
,08/07/2023,Bill,2631874,Michael's Finer Meats and Seafood,Food,647,,
,08/05/2023,Bill,2631736,Michael's Finer Meats and Seafood,Food,800.86,,
,08/03/2023,Bill,2630763,Michael's Finer Meats and Seafood,Food,22.79,,
,08/02/2023,Bill,2630382,Michael's Finer Meats and Seafood,Food,3763.16,,
,08/01/2023,Bill,2629453,Michael's Finer Meats and Seafood,Food,250.96,,
,07/27/2023,Bill,2628296,Michael's Finer Meats and Seafood,Food,963.34,,
,07/24/2023,Bill,2627162,Michael's Finer Meats and Seafood,Food,577.15,,
,07/24/2023,Bill Payment (Check),,Michael's Finer Meats and Seafood,,-2793.37,,
,07/22/2023,Bill,2626967,Michael's Finer Meats and Seafood,Food,132.71,,
,07/22/2023,Bill,2626963,Michael's Finer Meats and Seafood,Food,237.04,,
,07/21/2023,Bill,2626506,Michael's Finer Meats and Seafood,Food,57.57,,
,07/20/2023,Bill,2626193,Michael's Finer Meats and Seafood,Food,59.98,,
,07/19/2023,Bill,2625713,Michael's Finer Meats and Seafood,Food,266.34,,
,07/18/2023,Bill,2625473,Michael's Finer Meats and Seafood,Food,377.24,,
,07/17/2023,Bill Payment (Check),,Michael's Finer Meats and Seafood,,-7717.66,,
,07/17/2023,Bill,2624620,Michael's Finer Meats and Seafood,Food,36.67,,
,07/15/2023,Bill,2624493,Michael's Finer Meats and Seafood,Food,126.34,,
,07/14/2023,Bill,2624388,Michael's Finer Meats and Seafood,Food,505.85,,
,07/13/2023,Bill,2623528,Michael's Finer Meats and Seafood,Food,1173.96,,
,07/12/2023,Bill,2623176,Michael's Finer Meats and Seafood,Food,491.48,,
,07/11/2023,Bill,2622685,Michael's Finer Meats and Seafood,Food,459.07,,
,07/10/2023,Bill Payment (Check),,Michael's Finer Meats and Seafood,,-11422.13,,
,07/10/2023,Bill Payment (Check),,Michael's Finer Meats and Seafood,,-10130.23,,
,06/30/2023,Bill,2619673,Michael's Finer Meats and Seafood,Food,358.56,,
,06/29/2023,Bill,2619161,Michael's Finer Meats and Seafood,Food,726.77,,
,06/28/2023,Bill,2618723,Michael's Finer Meats and Seafood,Food,3627.47,,
,06/26/2023,Bill,2617842,Michael's Finer Meats and Seafood,Food,251.94,,
,06/24/2023,Bill,2617725,Michael's Finer Meats and Seafood,Food,259.97,,
,06/24/2023,Bill,2617760,Michael's Finer Meats and Seafood,Food,737.59,,
,06/22/2023,Bill,2616739,Michael's Finer Meats and Seafood,Food,443.1,,
,06/22/2023,Bill,2616740,Michael's Finer Meats and Seafood,Food,986.85,,
,06/21/2023,Bill,2616424,Michael's Finer Meats and Seafood,Food,2769.42,,
,06/21/2023,Bill Payment (Check),,Michael's Finer Meats and Seafood,,-10768.93,,
,06/19/2023,Bill,2615388,Michael's Finer Meats and Seafood,Food,510.02,,
,06/17/2023,Bill,2615237,Michael's Finer Meats and Seafood,Food,130.81,,
,06/17/2023,Bill,2615224,Michael's Finer Meats and Seafood,Food,127.63,,
,06/15/2023,Bill,2614245,Michael's Finer Meats and Seafood,Food,85.37,,
,06/15/2023,Bill,2614111,Michael's Finer Meats and Seafood,Food,5060.24,,
,06/15/2023,Bill,2614170,Michael's Finer Meats and Seafood,Food,59.19,,
,06/13/2023,Bill,500260,Michael's Finer Meats and Seafood,Food,3004.86,,
,06/13/2023,Bill Payment (Check),,Michael's Finer Meats and Seafood,,-7895.47,,
,06/13/2023,Bill Payment (Check),,Michael's Finer Meats and Seafood,,-14512.26,,
,06/10/2023,Bill,2612699,Michael's Finer Meats and Seafood,Food,269.49,,
,06/09/2023,Bill,2612322,Michael's Finer Meats and Seafood,Food,742.22,,
,06/09/2023,Bill,2612040,Michael's Finer Meats and Seafood,Food,237.41,,
,06/09/2023,Bill,2611611,Michael's Finer Meats and Seafood,Food,1261.17,,
,06/08/2023,Bill,2611750,Michael's Finer Meats and Seafood,Food,99.8,,
,06/08/2023,Bill,2611810,Michael's Finer Meats and Seafood,Food,1241.31,,
,06/08/2023,Bill,2611609,Michael's Finer Meats and Seafood,Food,3091.93,,
,06/07/2023,Bill,2611213,Michael's Finer Meats and Seafood,Food,487.51,,
,06/07/2023,Bill,2611211,Michael's Finer Meats and Seafood,Food,1275.27,,
,06/06/2023,Bill,2611105,Michael's Finer Meats and Seafood,Food,1512.97,,
,06/06/2023,Bill,2611172,Michael's Finer Meats and Seafood,Food,525.74,,
,06/06/2023,Bill,2611089,Michael's Finer Meats and Seafood,Food,474.4,,
,06/05/2023,Bill,2610360,Michael's Finer Meats and Seafood,Food,933.01,,
,06/05/2023,Bill,2610319,Michael's Finer Meats and Seafood,Food,354.83,,
,06/05/2023,Bill,2610422,Michael's Finer Meats and Seafood,Food,260.86,,
,06/03/2023,Bill,2610171,Michael's Finer Meats and Seafood,Food,511.3,,
,06/02/2023,Bill,2609999,Michael's Finer Meats and Seafood,Food,128.85,,
,06/02/2023,Bill,2609759,Michael's Finer Meats and Seafood,Food,551.74,,
,06/01/2023,Bill,2609215,Michael's Finer Meats and Seafood,Food,258.32,,
,06/01/2023,Bill,2609040,Michael's Finer Meats and Seafood,Food,5445.06,,
,05/30/2023,Bill,2608568,Michael's Finer Meats and Seafood,Food,149.49,,
,05/30/2023,Bill Payment (Check),,Michael's Finer Meats and Seafood,,-12685.86,,
,05/27/2023,Bill,2608164,Michael's Finer Meats and Seafood,Food,741.19,,
,05/27/2023,Bill,2607892,Michael's Finer Meats and Seafood,Food,620.82,,
,05/26/2023,Bill,2607561,Michael's Finer Meats and Seafood,Food,744.52,,
,05/26/2023,Bill,2607458,Michael's Finer Meats and Seafood,Food,610.43,,
,05/25/2023,Bill,2606468,Michael's Finer Meats and Seafood,Food,2610.07,,
,05/25/2023,Bill,2607224,Michael's Finer Meats and Seafood,Food,2298.02,,
,05/24/2023,Bill,2606486,Michael's Finer Meats and Seafood,Food,12.79,,
,05/24/2023,Bill,2606444,Michael's Finer Meats and Seafood,Food,528.75,,
,05/24/2023,Bill,2606523,Michael's Finer Meats and Seafood,Food,1433.8,,
,05/20/2023,Bill,2605370,Michael's Finer Meats and Seafood,Food,123.7,,
,05/19/2023,Bill,2604833,Michael's Finer Meats and Seafood,Food,1519.33,,
,05/19/2023,Bill,2604451,Michael's Finer Meats and Seafood,Food,4630.85,,
,05/18/2023,Bill,2604447,Michael's Finer Meats and Seafood,Food,385.92,,
,05/17/2023,Bill,2603894,Michael's Finer Meats and Seafood,Food,323.85,,
,05/17/2023,Bill,2603891,Michael's Finer Meats and Seafood,Food,4087.84,,
,05/16/2023,Bill,2603176,Michael's Finer Meats and Seafood,Food,454.9,,
,05/15/2023,Bill,2603013,Michael's Finer Meats and Seafood,Food,381.22,,
,05/15/2023,Bill Payment (Check),,Michael's Finer Meats and Seafood,,-13233.66,,
,05/15/2023,Bill Payment (Check),,Michael's Finer Meats and Seafood,,-9161.58,,
,05/13/2023,Bill,2602770,Michael's Finer Meats and Seafood,Food,301.84,,
,05/12/2023,Bill,2602380,Michael's Finer Meats and Seafood,Food,701.02,,
,05/11/2023,Bill,2601640,Michael's Finer Meats and Seafood,Food,356.37,,
,05/10/2023,Bill,2601188,Michael's Finer Meats and Seafood,Food,5034.43,,
,05/10/2023,Bill,2601402,Michael's Finer Meats and Seafood,Food,407.88,,
,05/08/2023,Bill,2600254,Michael's Finer Meats and Seafood,Food,250.59,,
,05/05/2023,Bill,2598997,Michael's Finer Meats and Seafood,Food,522.98,,
,05/05/2023,Bill,2599609,Michael's Finer Meats and Seafood,Food,252.99,,
,05/04/2023,Bill,2598973,Michael's Finer Meats and Seafood,Food,3266.11,,
,05/03/2023,Bill,2598621,Michael's Finer Meats and Seafood,Food,245.46,,
,05/02/2023,Bill,2598397,Michael's Finer Meats and Seafood,Food,275.88,,
,05/02/2023,Bill,2597500,Michael's Finer Meats and Seafood,Food,2760.61,,
,05/02/2023,Bill,2598313,Michael's Finer Meats and Seafood,Food,390.89,,
,05/02/2023,Bill Payment (Check),,Michael's Finer Meats and Seafood,,-5427.09,,
,05/01/2023,Bill,2597600,Michael's Finer Meats and Seafood,Food,127.57,,
,04/28/2023,Bill,2596700,Michael's Finer Meats and Seafood,Food,1627.31,,
,04/28/2023,Bill,2596818,Michael's Finer Meats and Seafood,Food,1311.67,,
,04/28/2023,Bill,2596905,Michael's Finer Meats and Seafood,Food,251.15,,
,04/27/2023,Bill,2596501,Michael's Finer Meats and Seafood,Food,69.9,,
,04/27/2023,Bill,2596155,Michael's Finer Meats and Seafood,Food,3034.68,,
,04/27/2023,Bill Payment (Check),,Michael's Finer Meats and Seafood,,-5336.85,,
,04/26/2023,Bill,2595956,Michael's Finer Meats and Seafood,Food,1126.51,,
,04/26/2023,Bill,2596154,Michael's Finer Meats and Seafood,Food,497.01,,
,04/25/2023,Bill,2595341,Michael's Finer Meats and Seafood,Food,980.37,,
,04/24/2023,Bill,2595171,Michael's Finer Meats and Seafood,Food,482.2,,
,04/21/2023,Bill,2594472,Michael's Finer Meats and Seafood,Food,383.86,,
,04/20/2023,Bill,2593981,Michael's Finer Meats and Seafood,Food,378.83,,
,04/20/2023,Bill,5293933,Michael's Finer Meats and Seafood,Food,348.34,,
,04/19/2023,Bill,2593542,Michael's Finer Meats and Seafood,Food,126.09,,
,04/19/2023,Bill,2593410,Michael's Finer Meats and Seafood,Food,3977.45,,
,04/19/2023,Bill,2593406,Michael's Finer Meats and Seafood,Food,84.95,,
,04/18/2023,Bill Payment (Check),,Michael's Finer Meats and Seafood,,-11088.69,,
,04/17/2023,Bill,2592512,Michael's Finer Meats and Seafood,Food,2012.75,,
,04/15/2023,Bill,2592381,Michael's Finer Meats and Seafood,Food,276.42,,
,04/14/2023,Bill,2591675,Michael's Finer Meats and Seafood,Food,2186.63,,
,04/13/2023,Bill,2591502,Michael's Finer Meats and Seafood,Food,351.87,,
,04/12/2023,Bill,2591069,Michael's Finer Meats and Seafood,Food,1709.27,,
,04/12/2023,Bill,2590930,Michael's Finer Meats and Seafood,Food,277.62,,
,04/11/2023,Bill,2590764,Michael's Finer Meats and Seafood,Food,259.24,,
,04/10/2023,Bill,2590181,Michael's Finer Meats and Seafood,Food,535.04,,
,04/06/2023,Bill,2589004,Michael's Finer Meats and Seafood,Food,816.56,,
,04/05/2023,Bill,2588794,Michael's Finer Meats and Seafood,Food,251.88,,
,04/05/2023,Bill Payment (Check),,Michael's Finer Meats and Seafood,,-8126.62,,
,04/04/2023,Bill,2588497,Michael's Finer Meats and Seafood,Food,609.56,,
,04/03/2023,Bill,2587669,Michael's Finer Meats and Seafood,Food,1352.85,,
,03/31/2023,Bill,2586910,Michael's Finer Meats and Seafood,Food,210.74,,
,03/30/2023,Bill,2586807,Michael's Finer Meats and Seafood,Food,1064.52,,
,03/29/2023,Bill,2586303,Michael's Finer Meats and Seafood,Food,101.63,,
,03/29/2023,Bill Payment (Check),10904,Michael's Finer Meats and Seafood,,-13545.1,,
,03/28/2023,Bill,2585869,Michael's Finer Meats and Seafood,Food,933.69,,
,03/22/2023,Bill,2584064,Michael's Finer Meats and Seafood,Food,451.8,,
,03/22/2023,Bill Payment (Check),10892,Michael's Finer Meats and Seafood,,-630.38,,
,03/21/2023,Bill,2583663,Michael's Finer Meats and Seafood,Food,1021.12,,
,03/20/2023,Bill,2583083,Michael's Finer Meats and Seafood,Food,151.04,,
,03/20/2023,Bill,2583211,Michael's Finer Meats and Seafood,Food,255.38,,
,03/18/2023,Bill,2583086,Michael's Finer Meats and Seafood,Food,968.68,,
,03/17/2023,Bill,2583028,Michael's Finer Meats and Seafood,Food,737.59,,
,03/16/2023,Bill,2581915,Michael's Finer Meats and Seafood,Food,524.17,,
,03/16/2023,Bill,2582270,Michael's Finer Meats and Seafood,Food,482.29,,
,03/15/2023,Bill,2581909,Michael's Finer Meats and Seafood,Food,3515.51,,
,03/13/2023,Bill,2581141,Michael's Finer Meats and Seafood,Food,323.64,,
,03/13/2023,Bill,2581095,Michael's Finer Meats and Seafood,Food,482.05,,
,03/11/2023,Bill,2580918,Michael's Finer Meats and Seafood,Food,1498.57,,
,03/11/2023,Bill,2580818,Michael's Finer Meats and Seafood,Food,148.09,,
,03/10/2023,Bill,2580513,Michael's Finer Meats and Seafood,Food,493.64,,
,03/09/2023,Bill,2579947,Michael's Finer Meats and Seafood,Food,563.19,,
,03/08/2023,Bill,2579489,Michael's Finer Meats and Seafood,Food,2913.5,,
,03/08/2023,Bill Payment (Check),10874,Michael's Finer Meats and Seafood,,-1345.23,,
,03/06/2023,Bill,2578699,Michael's Finer Meats and Seafood,Food,651.31,,
,03/04/2023,Bill,2578480,Michael's Finer Meats and Seafood,Food,178.86,,
,03/02/2023,Bill,2577404,Michael's Finer Meats and Seafood,Food,7862.39,,
,03/02/2023,Bill,2577480,Michael's Finer Meats and Seafood,Food,505.91,,
,03/01/2023,Bill Payment (Check),10861,Michael's Finer Meats and Seafood,,-2513.78,,
,02/28/2023,Bill,2576669,Michael's Finer Meats and Seafood,Food,175.92,,
,02/24/2023,Bill,2575713,Michael's Finer Meats and Seafood,Food,917.26,,
,02/23/2023,Bill,2575137,Michael's Finer Meats and Seafood,Food,2629.09,,
,02/22/2023,Bill,2574932,Michael's Finer Meats and Seafood,Food,263.04,,
,02/21/2023,Bill Payment (Check),10845,Michael's Finer Meats and Seafood,,-1812.17,,
,02/20/2023,Bill,2573961,Michael's Finer Meats and Seafood,Food,1345.23,,
,02/18/2023,Bill,2573738,Michael's Finer Meats and Seafood,Food,385.75,,
,02/17/2023,Bill,2573216,Michael's Finer Meats and Seafood,Food,807.08,,
,02/16/2023,Bill,2572676,Michael's Finer Meats and Seafood,Food,542.56,,
,02/15/2023,Bill,2572399,Michael's Finer Meats and Seafood,Food,261.26,,
,02/15/2023,Bill Payment (Check),10831,Michael's Finer Meats and Seafood,,-3140.59,,
,02/14/2023,Bill,2571471,Michael's Finer Meats and Seafood,Food,166.73,,
,02/13/2023,Bill,2571470,Michael's Finer Meats and Seafood,Food,517.13,,
,02/11/2023,Bill,2571308,Michael's Finer Meats and Seafood,Food,112.64,,
,02/09/2023,Bill,2570474,Michael's Finer Meats and Seafood,Food,469.07,,
,02/08/2023,Bill,2569976,Michael's Finer Meats and Seafood,Food,1064.19,,
,02/08/2023,Bill,2569982,Michael's Finer Meats and Seafood,Food,599.8,,
,02/07/2023,Bill Payment (Check),10814,Michael's Finer Meats and Seafood,,-6205.17,,
,02/06/2023,Bill,2568974,Michael's Finer Meats and Seafood,Food,630.66,,
,02/03/2023,Bill,2568275,Michael's Finer Meats and Seafood,Food,1399.39,,
,02/03/2023,Bill,2568272,Michael's Finer Meats and Seafood,Food,468.08,,
,02/02/2023,Bill,2567695,Michael's Finer Meats and Seafood,Food,1962.89,,
,01/31/2023,Bill,2567047,Michael's Finer Meats and Seafood,Food,457.31,,
,01/30/2023,Bill,2566435,Michael's Finer Meats and Seafood,Food,252.31,,
,01/26/2023,Bill,2565487,Michael's Finer Meats and Seafood,Food,171.75,,
,01/26/2023,Bill,2565491,Michael's Finer Meats and Seafood,Food,759.6,,
,01/25/2023,Bill Payment (Check),10785,Michael's Finer Meats and Seafood,,-4472.46,,
,01/25/2023,Bill,2565033,Michael's Finer Meats and Seafood,Food,854.23,,
,01/21/2023,Bill,2564099,Michael's Finer Meats and Seafood,Food,537.9,,
,01/20/2023,Bill,2563782,Michael's Finer Meats and Seafood,Food,251.08,,
,01/20/2023,Bill,2563839,Michael's Finer Meats and Seafood,Food,113.88,,
,01/18/2023,Bill Payment (Check),10774,Michael's Finer Meats and Seafood,,-2949.78,,
,01/18/2023,Bill,2562721,Michael's Finer Meats and Seafood,Food,2399.63,,
,01/18/2023,Bill,2562781,Michael's Finer Meats and Seafood,Food,850.63,,
,01/17/2023,Bill,2562422,Michael's Finer Meats and Seafood,Food,266.47,,
,01/14/2023,Bill,2561768,Michael's Finer Meats and Seafood,Food,2184.03,,
,01/13/2023,Bill,2561273,Michael's Finer Meats and Seafood,Food,132.65,,
,01/13/2023,Bill,2560915,Michael's Finer Meats and Seafood,Food,1251.82,,
,01/12/2023,Bill,2560916,Michael's Finer Meats and Seafood,Food,1829.46,,
,01/11/2023,Bill,2560620,Michael's Finer Meats and Seafood,Food,49.93,,
,01/09/2023,Bill,2559847,Michael's Finer Meats and Seafood,Food,1208.6,,
,01/05/2023,Bill,2558863,Michael's Finer Meats and Seafood,Food,2061.57,,
,01/04/2023,Bill,2558520,Michael's Finer Meats and Seafood,Food,32.06,,
,01/04/2023,Bill,2558391,Michael's Finer Meats and Seafood,Food,229.9,,
,01/04/2023,Bill,2558380,Michael's Finer Meats and Seafood,Food,524.81,,
,01/04/2023,Bill Payment (Check),10761,Michael's Finer Meats and Seafood,,-9492.36,,
,01/01/2023,Bill,2425176-R,Michael's Finer Meats and Seafood,Food,90,,
,12/30/2022,Bill,2557481,Michael's Finer Meats and Seafood,Food,69.95,,
,12/28/2022,Bill,2556549,Michael's Finer Meats and Seafood,Food,31.49,,
,12/28/2022,Bill Payment (Check),10742,Michael's Finer Meats and Seafood,,-14397.53,,
,12/23/2022,Bill,2555475,Michael's Finer Meats and Seafood,Food,1074.08,,
,12/22/2022,Bill,2554876,Michael's Finer Meats and Seafood,Food,2511.6,,
,12/20/2022,Bill,2553995,Michael's Finer Meats and Seafood,Food,622.43,,
,12/19/2022,Bill,2553587,Michael's Finer Meats and Seafood,Food,379.26,,
,12/17/2022,Bill,2553380,Michael's Finer Meats and Seafood,Food,784.36,,
,12/16/2022,Bill,2552937,Michael's Finer Meats and Seafood,Food,614.61,,
,12/15/2022,Bill Payment (Check),10714,Michael's Finer Meats and Seafood,,-9410.39,,
,12/14/2022,Bill,2551905,Michael's Finer Meats and Seafood,Food,1370.84,,
,12/14/2022,Bill,2551793,Michael's Finer Meats and Seafood,Food,680.5,,
,12/14/2022,Bill,2551765,Michael's Finer Meats and Seafood,Food,537.97,,
,12/14/2022,Bill,2551841,Michael's Finer Meats and Seafood,Food,531.07,,
,12/14/2022,Bill,2551910,Michael's Finer Meats and Seafood,Food,385.64,,
,12/13/2022,Bill,2551679,Michael's Finer Meats and Seafood,Food,734.09,,
,12/12/2022,Bill,2550956,Michael's Finer Meats and Seafood,Food,2910.68,,
,12/10/2022,Bill,2550666,Michael's Finer Meats and Seafood,Food,5134.29,,
,12/09/2022,Bill,2550428,Michael's Finer Meats and Seafood,Food,257.45,,
,12/08/2022,Bill Payment (Check),10684,Michael's Finer Meats and Seafood,,-4732.76,,
,12/08/2022,Bill,2549844,Michael's Finer Meats and Seafood,Food,679.89,,
,12/07/2022,Bill,2549119,Michael's Finer Meats and Seafood,Food,2513.39,,
,12/07/2022,Bill,2549206,Michael's Finer Meats and Seafood,Food,801.74,,
,12/07/2022,Bill,2549443,Michael's Finer Meats and Seafood,Food,1366,,
,12/05/2022,Bill,2546177,Michael's Finer Meats and Seafood,Food,1664.34,,
,12/02/2022,Bill,2547424,Michael's Finer Meats and Seafood,Food,379.1,,
,12/02/2022,Bill,2547873,Michael's Finer Meats and Seafood,Food,1661.96,,
,12/01/2022,Bill,2546796,Michael's Finer Meats and Seafood,Food,1970.24,,
,11/30/2022,Bill,2546809,Michael's Finer Meats and Seafood,Food,71.86,,
,11/30/2022,Bill,2546792,Michael's Finer Meats and Seafood,Food,43.72,,
,11/30/2022,Bill Payment (Check),10661,Michael's Finer Meats and Seafood,,-12711.25,,
,11/29/2022,Bill,2545982,Michael's Finer Meats and Seafood,Food,189.19,,
,11/29/2022,Bill,2546410,Michael's Finer Meats and Seafood,Food,2256.17,,
,11/28/2022,Bill,2545797,Michael's Finer Meats and Seafood,Food,1173.81,,
,11/25/2022,Bill,2544914,Michael's Finer Meats and Seafood,Food,677.85,,
,11/22/2022,Bill,2544450,Michael's Finer Meats and Seafood,Food,715.28,,
,11/21/2022,Bill,2543905,Michael's Finer Meats and Seafood,Food,111.11,,
,11/21/2022,Bill,2543894,Michael's Finer Meats and Seafood,Food,385.86,,
,11/18/2022,Bill,2543353,Michael's Finer Meats and Seafood,Food,1031.03,,
,11/18/2022,Bill,2543477,Michael's Finer Meats and Seafood,Food,384.9,,
,11/18/2022,Bill,2543071,Michael's Finer Meats and Seafood,Food,1426.73,,
,11/16/2022,Bill,2542400,Michael's Finer Meats and Seafood,Food,258.69,,
,11/16/2022,Bill,2542279,Michael's Finer Meats and Seafood,Food,1172.07,,
,11/16/2022,Bill Payment (Check),10626,Michael's Finer Meats and Seafood,,-6210.44,,
,11/14/2022,Bill,2541427,Michael's Finer Meats and Seafood,Food,1482.96,,
,11/12/2022,Bill,2541185,Michael's Finer Meats and Seafood,Food,41.98,,
,11/12/2022,Bill,2541116,Michael's Finer Meats and Seafood,Food,249.98,,
,11/10/2022,Bill,2540011,Michael's Finer Meats and Seafood,Food,4966.16,,
,11/10/2022,Bill,2539684,Michael's Finer Meats and Seafood,Food,1850.7,,
,11/09/2022,Bill,2539955,Michael's Finer Meats and Seafood,Food,1176.86,,
,11/09/2022,Bill,2539939,Michael's Finer Meats and Seafood,Food,141.84,,
,11/09/2022,Bill,2539945,Michael's Finer Meats and Seafood,Food,52.04,,
,11/09/2022,Bill,2539639,Michael's Finer Meats and Seafood,Food,60.56,,
,11/09/2022,Bill Payment (Check),10592,Michael's Finer Meats and Seafood,,-5448.09,,
,11/09/2022,Bill Payment (Check),10579,Michael's Finer Meats and Seafood,,-6634.34,,
,11/08/2022,Bill,2539623,Michael's Finer Meats and Seafood,Food,258.07,,
,11/07/2022,Bill,2538754,Michael's Finer Meats and Seafood,Food,999.34,,
,11/04/2022,Bill,2538187,Michael's Finer Meats and Seafood,Food,630.52,,
,11/03/2022,Bill,2537211,Michael's Finer Meats and Seafood,Food,1558.72,,
,11/02/2022,Bill,2537210,Michael's Finer Meats and Seafood,Food,520.25,,
,11/02/2022,Bill,2536618,Michael's Finer Meats and Seafood,Food,1388.6,,
,11/01/2022,Bill,2536621,Michael's Finer Meats and Seafood,Food,1425.38,,
,11/01/2022,Bill,2536602,Michael's Finer Meats and Seafood,Food,686.97,,
,10/27/2022,Bill,2535336,Michael's Finer Meats and Seafood,Food,252.13,,
,10/27/2022,Bill,2535287,Michael's Finer Meats and Seafood,Food,524.83,,
,10/27/2022,Bill Payment (Check),10557,Michael's Finer Meats and Seafood,,-16789.39,,
,10/26/2022,Bill,2534908,Michael's Finer Meats and Seafood,Food,3219.06,,
,10/26/2022,Bill,2534969,Michael's Finer Meats and Seafood,Food,1452.07,,
,10/25/2022,Bill,2534451,Michael's Finer Meats and Seafood,Food,377.79,,
,10/24/2022,Bill,2534012,Michael's Finer Meats and Seafood,Food,119.15,,
,10/21/2022,Bill,2533576,Michael's Finer Meats and Seafood,Food,2185.09,,
,10/20/2022,Bill,2532775,Michael's Finer Meats and Seafood,Food,2855.42,,
,10/19/2022,Bill,2532649,Michael's Finer Meats and Seafood,Food,1096.89,,
,10/18/2022,Bill,,Michael's Finer Meats and Seafood,Food,16789.39,,
,10/18/2022,Bill Payment (Check),10522,Michael's Finer Meats and Seafood,,-24024.04,,
,10/14/2022,Bill,,Michael's Finer Meats and Seafood,Food,24024.04,,
,09/13/2022,Bill Payment (Check),10408,Michael's Finer Meats and Seafood,,-8600.99,,
,09/13/2022,Bill,2520012,Michael's Finer Meats and Seafood,Food,310.28,,
,09/12/2022,Bill,2519301,Michael's Finer Meats and Seafood,Food,145.73,,
,09/12/2022,Bill,2519302,Michael's Finer Meats and Seafood,Food,526.9,,
,09/12/2022,Bill,2519303,Michael's Finer Meats and Seafood,Food,2607.26,,
,09/08/2022,Bill,2519062,Michael's Finer Meats and Seafood,Food,270.55,,
,09/08/2022,Bill,2518223,Michael's Finer Meats and Seafood,Food,2274.87,,
,09/07/2022,Bill,2517995,Michael's Finer Meats and Seafood,Food,976.19,,
,09/07/2022,Bill,2517971,Michael's Finer Meats and Seafood,Food,1489.21,,
,09/06/2022,Bill Payment (Check),10382,Michael's Finer Meats and Seafood,,-16411.33,,
,09/03/2022,Bill,2517190,Michael's Finer Meats and Seafood,Food,913.66,,
,09/02/2022,Bill,2516638,Michael's Finer Meats and Seafood,Food,1729.97,,
,08/31/2022,Bill,2515670,Michael's Finer Meats and Seafood,Food,1280.8,,
,08/31/2022,Bill,2515674,Michael's Finer Meats and Seafood,Food,119.76,,
,08/31/2022,Bill,2515817,Michael's Finer Meats and Seafood,Food,250.13,,
,08/29/2022,Bill,2515677,Michael's Finer Meats and Seafood,Food,5540.3,,
,08/29/2022,Bill,2514782,Michael's Finer Meats and Seafood,Food,788.82,,
,08/25/2022,Bill,2513578,Michael's Finer Meats and Seafood,Food,1831.58,,
,08/24/2022,Bill,2513295,Michael's Finer Meats and Seafood,Food,119.9,,
,08/24/2022,Bill,2513324,Michael's Finer Meats and Seafood,Food,299.9,,
,08/22/2022,Bill,2512517,Michael's Finer Meats and Seafood,Food,666.52,,
,08/20/2022,Bill,2512256,Michael's Finer Meats and Seafood,Food,126.42,,
,08/20/2022,Bill,2512181,Michael's Finer Meats and Seafood,Food,68.38,,
,08/19/2022,Bill,2512146,Michael's Finer Meats and Seafood,Food,125.4,,
,08/18/2022,Bill,2511166,Michael's Finer Meats and Seafood,Food,614.43,,
,08/18/2022,Bill,2510951,Michael's Finer Meats and Seafood,Food,1742.64,,
,08/18/2022,Bill Payment (Check),10348,Michael's Finer Meats and Seafood,,-3104.09,,
,08/17/2022,Bill,2510949,Michael's Finer Meats and Seafood,Food,192.72,,
,08/12/2022,Bill,2509223,Michael's Finer Meats and Seafood,Food,385.29,,
,08/11/2022,Bill,2508731,Michael's Finer Meats and Seafood,Food,249.5,,
,08/11/2022,Bill,2508727,Michael's Finer Meats and Seafood,Food,2262.7,,
,08/09/2022,Bill,2507579,Michael's Finer Meats and Seafood,Food,85,,
,08/05/2022,Bill,2507222,Michael's Finer Meats and Seafood,Food,121.6,,
,08/04/2022,Bill Payment (Check),10314,Michael's Finer Meats and Seafood,,-9505.21,,
,08/01/2022,Bill,2505309,Michael's Finer Meats and Seafood,Food,672.32,,
,07/30/2022,Bill,2504132,Michael's Finer Meats and Seafood,Food,339.8,,
,07/29/2022,Bill,2504542,Michael's Finer Meats and Seafood,Food,109.9,,
,07/28/2022,Bill,2504129,Michael's Finer Meats and Seafood,Food,1757.02,,
,07/27/2022,Bill,2503865,Michael's Finer Meats and Seafood,Food,193.09,,
,07/26/2022,Bill,2503309,Michael's Finer Meats and Seafood,Food,351.02,,
,07/25/2022,Bill,2502930,Michael's Finer Meats and Seafood,Food,302.2,,
,07/23/2022,Bill,2502823,Michael's Finer Meats and Seafood,Food,749.78,,
,07/21/2022,Bill,2501972,Michael's Finer Meats and Seafood,Food,373.84,,
,07/20/2022,Bill,2501626,Michael's Finer Meats and Seafood,Food,1037.75,,
,07/18/2022,Bill,2500553,Michael's Finer Meats and Seafood,Food,372.76,,
,07/15/2022,Bill,2500273,Michael's Finer Meats and Seafood,Food,184.66,,
,07/14/2022,Bill,2499433,Michael's Finer Meats and Seafood,Food,2809.86,,
,07/12/2022,Bill,2498934,Michael's Finer Meats and Seafood,Food,251.21,,
,07/12/2022,Bill Payment (Check),10278,Michael's Finer Meats and Seafood,,-19614.13,,
,07/11/2022,Bill,2498234,Michael's Finer Meats and Seafood,Food,374.62,,
,07/09/2022,Bill,2498056,Michael's Finer Meats and Seafood,Food,1630.98,,
,07/07/2022,Bill,2497322,Michael's Finer Meats and Seafood,Food,125.76,,
,07/01/2022,Bill,2495987,Michael's Finer Meats and Seafood,Food,240.56,,
,06/30/2022,Bill,2495281,Michael's Finer Meats and Seafood,Food,1227.94,,
,06/29/2022,Bill,2494996,Michael's Finer Meats and Seafood,Food,572.76,,
,06/27/2022,Bill,2493855,Michael's Finer Meats and Seafood,Food,108.53,,
,06/27/2022,Bill Payment (Check),10265,Michael's Finer Meats and Seafood,,-8937.27,,
,06/23/2022,Bill,2492619,Michael's Finer Meats and Seafood,Food,861.53,,
,06/23/2022,Bill,2492784,Michael's Finer Meats and Seafood,Food,381.39,,
,06/22/2022,Bill,2492231,Michael's Finer Meats and Seafood,Food,2773.77,,
,06/22/2022,Bill,2491975,Michael's Finer Meats and Seafood,Food,819.41,,
,06/22/2022,Bill Payment (Check),10220,Michael's Finer Meats and Seafood,,-12449.4,,
,06/21/2022,Bill,2491973,Michael's Finer Meats and Seafood,Food,240.23,,
,06/21/2022,Bill,2491741,Michael's Finer Meats and Seafood,Food,1249.23,,
,06/20/2022,Bill,2491319,Michael's Finer Meats and Seafood,Food,784.43,,
,06/20/2022,Bill,2491367,Michael's Finer Meats and Seafood,Food,1235.96,,
,06/18/2022,Bill,2491279,Michael's Finer Meats and Seafood,Food,50.37,,
,06/18/2022,Bill,2491220,Michael's Finer Meats and Seafood,Food,1432.97,,
,06/17/2022,Bill,2490569,Michael's Finer Meats and Seafood,Food,1882.29,,
,06/16/2022,Bill,2490065,Michael's Finer Meats and Seafood,Food,368.86,,
,06/13/2022,Bill,2489454,Michael's Finer Meats and Seafood,Food,3599.73,,
,06/13/2022,Bill,2489879,Michael's Finer Meats and Seafood,Food,431.74,,
,06/13/2022,Bill,2489024,Michael's Finer Meats and Seafood,Food,381.73,,
,06/10/2022,Bill,2488258,Michael's Finer Meats and Seafood,Food,130.03,,
,06/09/2022,Bill,2487721,Michael's Finer Meats and Seafood,Food,634.57,,
,06/09/2022,Bill,2487623,Michael's Finer Meats and Seafood,Food,3985.52,,
,06/08/2022,Bill,247402,Michael's Finer Meats and Seafood,Food,725.47,,
,06/08/2022,Bill,2487309,Michael's Finer Meats and Seafood,Food,221.96,,
,06/08/2022,Bill,2487555,Michael's Finer Meats and Seafood,Food,280.45,,
,06/06/2022,Bill,2487370,Michael's Finer Meats and Seafood,Food,502.49,,
,06/06/2022,Bill,2486516,Michael's Finer Meats and Seafood,Food,1552.07,,
,06/02/2022,Bill,2486278,Michael's Finer Meats and Seafood,Food,457.03,,
,06/02/2022,Bill,2485219,Michael's Finer Meats and Seafood,Food,1394.03,,
,05/31/2022,Bill,2484484,Michael's Finer Meats and Seafood,Food,75.3,,
,05/31/2022,Bill,2484556,Michael's Finer Meats and Seafood,Food,1194.9,,
,05/25/2022,Bill,2483117,Michael's Finer Meats and Seafood,Food,1438.92,,
,05/25/2022,Bill,24826994,Michael's Finer Meats and Seafood,Food,913.85,,
,05/23/2022,Bill Payment (Check),10156,Michael's Finer Meats and Seafood,,-8802.63,,
,05/20/2022,Bill,2479199,Michael's Finer Meats and Seafood,Food,679.6,,
,05/19/2022,Bill Payment (Check),10131,Michael's Finer Meats and Seafood,,-16009.8,,
,05/18/2022,Bill,2482888,Michael's Finer Meats and Seafood,Food,588.68,,
,05/18/2022,Bill,2481954,Michael's Finer Meats and Seafood,Food,833.78,,
,05/18/2022,Bill,2481002,Michael's Finer Meats and Seafood,Food,613.92,,
,05/18/2022,Bill,2480241,Michael's Finer Meats and Seafood,Food,233.82,,
,05/18/2022,Bill,2480219,Michael's Finer Meats and Seafood,Food,3819.4,,
,05/16/2022,Bill,2479370,Michael's Finer Meats and Seafood,Food,384.1,,
,05/13/2022,Bill,2478880,Michael's Finer Meats and Seafood,Food,113.53,,
,05/13/2022,Bill,2478714,Michael's Finer Meats and Seafood,Food,345.05,,
,05/12/2022,Bill,2478207,Michael's Finer Meats and Seafood,Food,2809.97,,
,05/11/2022,Bill,2478091,Michael's Finer Meats and Seafood,Food,1230.04,,
,05/10/2022,Bill,2476990,Michael's Finer Meats and Seafood,Food,3918.74,,
,05/06/2022,Bill,2476244,Michael's Finer Meats and Seafood,Food,199.6,,
,05/05/2022,Bill,2475750,Michael's Finer Meats and Seafood,Food,1265.39,,
,05/05/2022,Bill,2475747,Michael's Finer Meats and Seafood,Food,530.75,,
,05/04/2022,Bill,2475352,Michael's Finer Meats and Seafood,Food,668.09,,
,05/03/2022,Bill,2474849,Michael's Finer Meats and Seafood,Food,716.86,,
,05/02/2022,Bill,2474198,Michael's Finer Meats and Seafood,Food,132.59,,
,05/02/2022,Bill,2474227,Michael's Finer Meats and Seafood,Food,415.65,,
,04/28/2022,Bill,2473004,Michael's Finer Meats and Seafood,Food,3308.05,,
,04/27/2022,Bill,2472714,Michael's Finer Meats and Seafood,Food,830.11,,
,04/27/2022,Bill,2472746,Michael's Finer Meats and Seafood,Food,336.55,,
,04/25/2022,Bill,2471795,Michael's Finer Meats and Seafood,Food,1985,,
,04/23/2022,Bill,2471599,Michael's Finer Meats and Seafood,Food,733.94,,
,04/22/2022,Bill,2471179,Michael's Finer Meats and Seafood,Food,573.54,,
,04/22/2022,Bill Payment (Check),10090,Michael's Finer Meats and Seafood,,-3938.83,,
,04/21/2022,Bill,2470694,Michael's Finer Meats and Seafood,Food,565.19,,
,04/19/2022,Bill,2469597,Michael's Finer Meats and Seafood,Food,2047.05,,
,04/18/2022,Bill,2469477,Michael's Finer Meats and Seafood,Food,368.08,,
,04/15/2022,Bill,2468603,Michael's Finer Meats and Seafood,Food,496.45,,
,04/15/2022,Bill,2468593,Michael's Finer Meats and Seafood,Food,1567.26,,
,04/14/2022,Bill,2468220,Michael's Finer Meats and Seafood,Food,164.52,,
,04/14/2022,Bill,2468506,Michael's Finer Meats and Seafood,Food,220.5,,
,04/13/2022,Bill,2467987,Michael's Finer Meats and Seafood,Food,213.48,,
,04/09/2022,Bill,2466391,Michael's Finer Meats and Seafood,Food,543,,
,04/09/2022,Bill,2466734,Michael's Finer Meats and Seafood,Food,414.93,,
,04/08/2022,Bill,2466358,Michael's Finer Meats and Seafood,Food,151.21,,
,04/07/2022,Bill,2465712,Michael's Finer Meats and Seafood,Food,1390.54,,
,04/07/2022,Bill,2465474,Michael's Finer Meats and Seafood,Food,359.34,,
,04/07/2022,Bill Payment (Check),10063,Michael's Finer Meats and Seafood,,-14601.39,,
,04/06/2022,Bill,2465471,Michael's Finer Meats and Seafood,Food,481.31,,
,04/04/2022,Bill,2464606,Michael's Finer Meats and Seafood,Food,257.94,,
,04/02/2022,Bill,2464339,Michael's Finer Meats and Seafood,Food,328.72,,
,03/30/2022,Bill,2463176,Michael's Finer Meats and Seafood,Food,1431.88,,
,03/28/2022,Bill,2462193,Michael's Finer Meats and Seafood,Food,1657.68,,
,03/26/2022,Bill,2462048,Michael's Finer Meats and Seafood,Food,209.76,,
,03/25/2022,Bill,2461565,Michael's Finer Meats and Seafood,Food,921.11,,
,03/24/2022,Bill,2461183,Michael's Finer Meats and Seafood,Food,159.87,,
,03/23/2022,Bill,2460698,Michael's Finer Meats and Seafood,Food,846.79,,
,03/18/2022,Bill,2458808,Michael's Finer Meats and Seafood,Food,1632.83,,
,03/18/2022,Bill,2459429,Michael's Finer Meats and Seafood,Food,109.31,,
,03/18/2022,Bill,2459110,Michael's Finer Meats and Seafood,Food,51.57,,
,03/16/2022,Bill,2458500,Michael's Finer Meats and Seafood,Food,1124.3,,
,03/10/2022,Bill,2456576,Michael's Finer Meats and Seafood,Food,383.12,,
,03/09/2022,Bill,2456009,Michael's Finer Meats and Seafood,Food,284.24,,
,03/09/2022,Bill,2456078,Michael's Finer Meats and Seafood,Food,225.41,,
,03/08/2022,Bill,2455340,Michael's Finer Meats and Seafood,Food,880.93,,
,03/07/2022,Bill,2455179,Michael's Finer Meats and Seafood,Food,1513.49,,
,03/07/2022,Bill Payment (Check),10031,Michael's Finer Meats and Seafood,,-6326.05,,
,03/04/2022,Bill,2454417,Michael's Finer Meats and Seafood,Food,333.8,,
,03/03/2022,Bill,2454178,Michael's Finer Meats and Seafood,Food,158.31,,
,03/03/2022,Bill,2454252,Michael's Finer Meats and Seafood,Food,437.77,,
,03/03/2022,Bill,2454115,Michael's Finer Meats and Seafood,Food,938.63,,
,03/01/2022,Bill,2453705,Michael's Finer Meats and Seafood,Food,256.92,,
,03/01/2022,Bill,2452919,Michael's Finer Meats and Seafood,Food,457.01,,
,02/26/2022,Bill,2452550,Michael's Finer Meats and Seafood,Food,73.55,,
,02/25/2022,Bill Payment (Check),5,Michael's Finer Meats and Seafood,,-295.99,,
,02/24/2022,Bill,2451679,Michael's Finer Meats and Seafood,Food,1631.2,,
,02/22/2022,Bill,2451093,Michael's Finer Meats and Seafood,Food,287.7,,
,02/21/2022,Bill,2450399,Michael's Finer Meats and Seafood,Food,868.33,,
,02/17/2022,Bill,2449324,Michael's Finer Meats and Seafood,Food,147.14,,
,02/16/2022,Bill,2448885,Michael's Finer Meats and Seafood,Food,492.15,,
,02/14/2022,Bill,2448007,Michael's Finer Meats and Seafood,Food,160.55,,
,02/10/2022,Bill,2446854,Michael's Finer Meats and Seafood,Food,1016.41,,
,02/09/2022,Bill,2446529,Michael's Finer Meats and Seafood,Food,197,,
,02/09/2022,Bill,2446301,Michael's Finer Meats and Seafood,Food,469,,
,02/08/2022,Bill Payment (Check),6,Michael's Finer Meats and Seafood,,-2313.85,,
,02/07/2022,Bill,2445562,Michael's Finer Meats and Seafood,Food,583.71,,
,01/31/2022,Bill,2443608,Michael's Finer Meats and Seafood,Food,399.31,,
,01/29/2022,Bill,2442519,Michael's Finer Meats and Seafood,Food,124.03,,
,01/26/2022,Bill,2442333,Michael's Finer Meats and Seafood,Food,171.96,,
,01/26/2022,Bill Payment (Check),10003,Michael's Finer Meats and Seafood,,-4399.58,,
,01/24/2022,Bill,2441515,Michael's Finer Meats and Seafood,Food,355.03,,
,01/21/2022,Bill,2440740,Michael's Finer Meats and Seafood,Food,32.36,,
,01/18/2022,Bill,2439927,Michael's Finer Meats and Seafood,Food,130.23,,
,01/17/2022,Bill Payment (Check),9988,Michael's Finer Meats and Seafood,,-21440.83,,
,01/14/2022,Bill,2438900,Michael's Finer Meats and Seafood,Food,754.28,,
,01/12/2022,Bill,2438089,Michael's Finer Meats and Seafood,Food,992.05,,
,01/08/2022,Bill,2437079,Michael's Finer Meats and Seafood,Food,75.99,,
,01/08/2022,Bill,2437281,Michael's Finer Meats and Seafood,Food,49.9,,
,01/06/2022,Bill,2436574,Michael's Finer Meats and Seafood,Food,1980.16,,
,01/05/2022,Bill,2436266,Michael's Finer Meats and Seafood,Food,290.15,,
,01/05/2022,Bill,2436384,Michael's Finer Meats and Seafood,Food,158.09,,
,01/04/2022,Bill,2436030,Michael's Finer Meats and Seafood,Food,192.05,,
,12/30/2021,Bill,2435030,Michael's Finer Meats and Seafood,Food,765.42,,
,12/28/2021,Bill,2434204,Michael's Finer Meats and Seafood,Food,861.45,,
,12/28/2021,Bill,2434229,Michael's Finer Meats and Seafood,Food,76.27,,
,12/27/2021,Bill,2433730,Michael's Finer Meats and Seafood,Food,349.93,,
,12/23/2021,Bill,233044,Michael's Finer Meats and Seafood,Food,628.63,,
,12/22/2021,Bill,2432610,Michael's Finer Meats and Seafood,Food,4590.88,,
,12/22/2021,Bill,2432697,Michael's Finer Meats and Seafood,Food,293.3,,
,12/20/2021,Bill,2431688,Michael's Finer Meats and Seafood,Food,3614.97,,
,12/17/2021,Bill,2431062,Michael's Finer Meats and Seafood,Food,359.4,,
,12/17/2021,Bill Payment (Check),9955,Michael's Finer Meats and Seafood,,-9307.16,,
,12/16/2021,Bill,2431028,Michael's Finer Meats and Seafood,Food,680.36,,
,12/16/2021,Bill,2430316,Michael's Finer Meats and Seafood,Food,395.37,,
,12/15/2021,Bill,2429954,Michael's Finer Meats and Seafood,Food,2994.01,,
,12/13/2021,Bill,2428960,Michael's Finer Meats and Seafood,Food,528.58,,
,12/10/2021,Bill,2427298,Michael's Finer Meats and Seafood,Food,4917.56,,
,12/10/2021,Bill,2428025,Michael's Finer Meats and Seafood,Food,1743.81,,
,12/09/2021,Bill,2427749,Michael's Finer Meats and Seafood,Food,344.03,,
,12/08/2021,Bill,2427205,Michael's Finer Meats and Seafood,Food,1538.59,,
,12/04/2021,Bill,2426281,Michael's Finer Meats and Seafood,Food,148.48,,
,12/04/2021,Bill,2426038,Michael's Finer Meats and Seafood,Food,1135.06,,
,12/03/2021,Bill,2425931,Michael's Finer Meats and Seafood,Food,79,,
,12/03/2021,Bill,2425839,Michael's Finer Meats and Seafood,Food,195.48,,
,12/03/2021,Bill Payment (Check),9907,Michael's Finer Meats and Seafood,,-2033.95,,
,12/02/2021,Bill,2425176,Michael's Finer Meats and Seafood,Food,307.86,,
,12/01/2021,Bill,2424836,Michael's Finer Meats and Seafood,Food,91,,
,12/01/2021,Bill,2424796,Michael's Finer Meats and Seafood,Food,3632.77,,
,11/24/2021,Bill,2423093,Michael's Finer Meats and Seafood,Food,1683.14,,
,11/24/2021,Bill,2423130,Michael's Finer Meats and Seafood,Food,395.88,,
,11/24/2021,Bill,2422839,Michael's Finer Meats and Seafood,Food,99.9,,
,11/24/2021,Bill Payment (Check),9879,Michael's Finer Meats and Seafood,,-9257.4,,
,11/22/2021,Bill,2422171,Michael's Finer Meats and Seafood,Food,38.06,,
,11/18/2021,Bill,2420824,Michael's Finer Meats and Seafood,Food,86.4,,
,11/18/2021,Bill,2420648,Michael's Finer Meats and Seafood,Food,168.06,,
,11/18/2021,Bill,2421036,Michael's Finer Meats and Seafood,Food,99.8,,
,11/18/2021,Bill,2420887,Michael's Finer Meats and Seafood,Food,662.11,,
,11/17/2021,Bill,2420605,Michael's Finer Meats and Seafood,Food,930.72,,
,11/15/2021,Bill,2419715,Michael's Finer Meats and Seafood,Food,48.8,,
,11/12/2021,Bill,2419491,Michael's Finer Meats and Seafood,Food,49.9,,
,11/12/2021,Bill,2419151,Michael's Finer Meats and Seafood,Food,395.88,,
,11/12/2021,Bill,2418586,Michael's Finer Meats and Seafood,Food,254.92,,
,11/11/2021,Bill,2418549,Michael's Finer Meats and Seafood,Food,489.4,,
,11/10/2021,Bill,2418196,Michael's Finer Meats and Seafood,Food,439.17,,
,11/06/2021,Bill,2416983,Michael's Finer Meats and Seafood,Food,75.61,,
,11/05/2021,Bill,2416604,Michael's Finer Meats and Seafood,Food,403.57,,
,11/03/2021,Bill,2415863,Michael's Finer Meats and Seafood,Food,1374.38,,
,11/03/2021,Bill,2415661,Michael's Finer Meats and Seafood,Food,2874.67,,
,11/03/2021,Bill Payment (Check),9834,Michael's Finer Meats and Seafood,,-7840.34,,
,10/30/2021,Bill,2414692,Michael's Finer Meats and Seafood,Food,654.84,,
,10/29/2021,Bill,2414513,Michael's Finer Meats and Seafood,Food,159.43,,
,10/29/2021,Bill,2413766,Michael's Finer Meats and Seafood,Food,223.08,,
,10/29/2021,Bill,2414448,Michael's Finer Meats and Seafood,Food,307.8,,
,10/28/2021,Bill,2413536,Michael's Finer Meats and Seafood,Food,537.42,,
,10/28/2021,Bill,2413537,Michael's Finer Meats and Seafood,Food,549.59,,
,10/28/2021,Bill,2413764,Michael's Finer Meats and Seafood,Food,467.74,,
,10/27/2021,Bill,2413507,Michael's Finer Meats and Seafood,Food,2785.91,,
,10/26/2021,Bill,2413142,Michael's Finer Meats and Seafood,Food,269.94,,
,10/25/2021,Bill,2412625,Michael's Finer Meats and Seafood,Food,551.62,,
,10/22/2021,Bill,2412172,Michael's Finer Meats and Seafood,Food,241.07,,
,10/21/2021,Bill,2411672,Michael's Finer Meats and Seafood,Food,49.9,,
,10/21/2021,Bill,2411452,Michael's Finer Meats and Seafood,Food,195.81,,
,10/20/2021,Bill,2411221,Michael's Finer Meats and Seafood,Food,195.48,,
,10/20/2021,Bill,2411082,Michael's Finer Meats and Seafood,Food,514.03,,
,10/20/2021,Bill Payment (Check),9806,Michael's Finer Meats and Seafood,,-5595.87,,
,10/19/2021,Bill,2410722,Michael's Finer Meats and Seafood,Food,2556.7,,
,10/15/2021,Bill,2409854,Michael's Finer Meats and Seafood,Food,380.08,,
,10/14/2021,Bill,2409074,Michael's Finer Meats and Seafood,Food,1329.55,,
,10/14/2021,Bill,2408937,Michael's Finer Meats and Seafood,Food,1317.92,,
,10/14/2021,Bill,2406313,Michael's Finer Meats and Seafood,Food,99.8,,
,10/09/2021,Bill,2407614,Michael's Finer Meats and Seafood,Food,152.83,,
,10/07/2021,Bill,2407880,Michael's Finer Meats and Seafood,Food,159.14,,
,10/07/2021,Bill,2406736,Michael's Finer Meats and Seafood,Food,2636.43,,
,10/07/2021,Bill Payment (Check),9767,Michael's Finer Meats and Seafood,,-17467.65,,
,10/02/2021,Bill,2405187,Michael's Finer Meats and Seafood,Food,160.53,,
,10/01/2021,Bill,2404717,Michael's Finer Meats and Seafood,Food,2138.93,,
,09/30/2021,Bill,2404239,Michael's Finer Meats and Seafood,Food,391.05,,
,09/29/2021,Bill,2403881,Michael's Finer Meats and Seafood,Food,689.38,,
,09/28/2021,Bill,2403622,Michael's Finer Meats and Seafood,Food,1516.8,,
,09/27/2021,Bill,2402884,Michael's Finer Meats and Seafood,Food,3660,,
,09/25/2021,Bill,2402759,Michael's Finer Meats and Seafood,Food,612.76,,
,09/24/2021,Bill,2402469,Michael's Finer Meats and Seafood,Food,615.71,,
,09/24/2021,Bill,2402100,Michael's Finer Meats and Seafood,Food,59.9,,
,09/23/2021,Bill Payment (Check),9714,Michael's Finer Meats and Seafood,,-8922.8,,
,09/22/2021,Bill,2401532,Michael's Finer Meats and Seafood,Food,4115.51,,
,09/20/2021,Bill,2400652,Michael's Finer Meats and Seafood,Food,1042.32,,
,09/15/2021,Vendor Credit,2365792 C-Memo,Michael's Finer Meats and Seafood,Food,-175.89,,
,09/15/2021,Vendor Credit,2399194,Michael's Finer Meats and Seafood,Food,-1022.4,,
,09/15/2021,Bill,2400052,Michael's Finer Meats and Seafood,Food,419.96,,
,09/15/2021,Bill,240052,Michael's Finer Meats and Seafood,Food,1022.4,,
,09/15/2021,Bill,2399194,Michael's Finer Meats and Seafood,Food,1022.4,,
,09/14/2021,Bill,2398861,Michael's Finer Meats and Seafood,Food,239.37,,
,09/13/2021,Bill,2398267,Michael's Finer Meats and Seafood,Food,320.29,,
,09/11/2021,Bill,2397985,Michael's Finer Meats and Seafood,Food,926.98,,
,09/10/2021,Bill,2397593,Michael's Finer Meats and Seafood,Food,161.63,,
,09/09/2021,Bill,2397201,Michael's Finer Meats and Seafood,Food,1828.71,,
,09/09/2021,Bill Payment (Check),9661,Michael's Finer Meats and Seafood,,-7529.52,,
,09/08/2021,Bill,2396771,Michael's Finer Meats and Seafood,Food,635.77,,
,09/04/2021,Bill,2396096,Michael's Finer Meats and Seafood,Food,216.42,,
,09/03/2021,Bill,2395809,Michael's Finer Meats and Seafood,Food,1159.8,,
,09/02/2021,Bill,2394974,Michael's Finer Meats and Seafood,Food,1145.69,,
,09/01/2021,Bill,2394715,Michael's Finer Meats and Seafood,Food,827.54,,
,09/01/2021,Bill,2394658,Michael's Finer Meats and Seafood,Food,1460.6,,
,08/31/2021,Bill,2394269,Michael's Finer Meats and Seafood,Food,248.03,,
,08/27/2021,Bill,2393382,Michael's Finer Meats and Seafood,Food,299.9,,
,08/27/2021,Bill,2393392,Michael's Finer Meats and Seafood,Food,193.19,,
,08/26/2021,Bill,2392599,Michael's Finer Meats and Seafood,Food,1656.6,,
,08/25/2021,Bill,2392667,Michael's Finer Meats and Seafood,Food,137.94,,
,08/25/2021,Bill,2392199,Michael's Finer Meats and Seafood,Food,135.49,,
,08/24/2021,Bill,2391566,Michael's Finer Meats and Seafood,Food,1892.45,,
,08/24/2021,Bill,2391601,Michael's Finer Meats and Seafood,Food,70.49,,
,08/20/2021,Bill,2390933,Michael's Finer Meats and Seafood,Food,384.73,,
,08/20/2021,Bill Payment (Check),9634,Michael's Finer Meats and Seafood,,-2712.53,,
,08/19/2021,Bill,2390278,Michael's Finer Meats and Seafood,Food,191.7,,
,08/18/2021,Bill,2389980,Michael's Finer Meats and Seafood,Food,94.97,,
,08/17/2021,Bill,2387576,Michael's Finer Meats and Seafood,Food,1717.7,,
,08/17/2021,Bill,23893448,Michael's Finer Meats and Seafood,Food,506.33,,
,08/10/2021,Bill,2387879,Michael's Finer Meats and Seafood,Food,246.88,,
,08/10/2021,Bill,23865509,Michael's Finer Meats and Seafood,Food,1047.98,,
,08/05/2021,Bill,2385429,Michael's Finer Meats and Seafood,Food,94.69,,
,08/05/2021,Bill Payment (Check),9611,Michael's Finer Meats and Seafood,,-6273.98,,
,08/04/2021,Bill,2385126,Michael's Finer Meats and Seafood,Food,503.88,,
,08/03/2021,Bill,2385094,Michael's Finer Meats and Seafood,Food,35.06,,
,08/03/2021,Bill,2384824,Michael's Finer Meats and Seafood,Food,254.56,,
,08/02/2021,Bill,2384147,Michael's Finer Meats and Seafood,Food,158.78,,
,07/31/2021,Bill,2383992,Michael's Finer Meats and Seafood,Food,293.73,,
,07/29/2021,Bill,2383198,Michael's Finer Meats and Seafood,Food,76.97,,
,07/28/2021,Bill,2382876,Michael's Finer Meats and Seafood,Food,289.66,,
,07/26/2021,Bill,2381803,Michael's Finer Meats and Seafood,Food,2332.41,,
,07/22/2021,Bill,2382580,Michael's Finer Meats and Seafood,Food,411.94,,
,07/22/2021,Bill,2381711,Michael's Finer Meats and Seafood,Food,1431.74,,
,07/19/2021,Bill,2379357,Michael's Finer Meats and Seafood,Food,191.8,,
,07/16/2021,Bill,2378229,Michael's Finer Meats and Seafood,Food,1095.32,,
,07/16/2021,Bill,2378787,Michael's Finer Meats and Seafood,Food,183.4,,
,07/16/2021,Bill Payment (Check),online 7,Michael's Finer Meats and Seafood,,-1931.13,,
,07/15/2021,Bill,2378130,Michael's Finer Meats and Seafood,Food,337.71,,
,07/09/2021,Bill,2376817,Michael's Finer Meats and Seafood,Food,183.57,,
,07/09/2021,Bill,2376450,Michael's Finer Meats and Seafood,Food,241.92,,
,07/09/2021,Bill,2376467,Michael's Finer Meats and Seafood,Food,193.32,,
,07/09/2021,Bill Payment (Check),9577,Michael's Finer Meats and Seafood,,-3324.94,,
,07/08/2021,Bill,2375593,Michael's Finer Meats and Seafood,Food,208.12,,
,07/07/2021,Bill,2375534,Michael's Finer Meats and Seafood,Food,174,,
,07/07/2021,Bill,2375499,Michael's Finer Meats and Seafood,Food,310.81,,
,07/05/2021,Bill,2374625,Michael's Finer Meats and Seafood,Food,35.72,,
,07/05/2021,Bill,2373680,Michael's Finer Meats and Seafood,Food,169.93,,
,06/30/2021,Bill,2373267,Michael's Finer Meats and Seafood,Food,170.31,,
,06/30/2021,Bill,2372934,Michael's Finer Meats and Seafood,Food,413.74,,
,06/30/2021,Bill,2372187,Michael's Finer Meats and Seafood,Food,179.19,,
,06/25/2021,Bill,2371516,Michael's Finer Meats and Seafood,Food,1801.72,,
,06/25/2021,Bill,2371745,Michael's Finer Meats and Seafood,Food,85.14,,
,06/25/2021,Bill Payment (Check),9556,Michael's Finer Meats and Seafood,,-4892.24,,
,06/22/2021,Bill,2371275,Michael's Finer Meats and Seafood,Food,262.25,,
,06/22/2021,Bill,2370419,Michael's Finer Meats and Seafood,Food,66.55,,
,06/21/2021,Bill,2369660,Michael's Finer Meats and Seafood,Food,759.78,,
,06/19/2021,Bill,2369462,Michael's Finer Meats and Seafood,Food,222.75,,
,06/19/2021,Bill,2369469,Michael's Finer Meats and Seafood,Food,8.99,,
,06/19/2021,Bill,2369473,Michael's Finer Meats and Seafood,Food,59.98,,
,06/19/2021,Bill,2369525,Michael's Finer Meats and Seafood,Food,86.9,,
,06/16/2021,Bill,2368228,Michael's Finer Meats and Seafood,Food,33.95,,
,06/16/2021,Bill,2368208,Michael's Finer Meats and Seafood,Food,1749.59,,
,06/15/2021,Bill,2367675,Michael's Finer Meats and Seafood,Food,282.67,,
,06/14/2021,Bill,2366881,Michael's Finer Meats and Seafood,Food,930.54,,
,06/14/2021,Bill,2367010,Michael's Finer Meats and Seafood,Food,263.68,,
,06/12/2021,Bill,2366890,Michael's Finer Meats and Seafood,Food,429.27,,
,06/11/2021,Bill,2366207,Michael's Finer Meats and Seafood,Food,32.17,,
,06/11/2021,Bill,2366366,Michael's Finer Meats and Seafood,Food,154.85,,
,06/10/2021,Bill,2365881,Michael's Finer Meats and Seafood,Food,107.63,,
,06/09/2021,Bill Payment (Check),9537,Michael's Finer Meats and Seafood,,-5322.59,,
,06/08/2021,Bill,2365292,Michael's Finer Meats and Seafood,Food,313.35,,
,06/08/2021,Bill,2365320,Michael's Finer Meats and Seafood,Food,98.98,,
,06/07/2021,Bill,2364497,Michael's Finer Meats and Seafood,Food,116.94,,
,06/05/2021,Bill,2364323,Michael's Finer Meats and Seafood,Food,72.16,,
,06/05/2021,Bill,2364361,Michael's Finer Meats and Seafood,Food,86.48,,
,06/02/2021,Bill,2362584,Michael's Finer Meats and Seafood,Food,285.81,,
,06/02/2021,Bill,2363109,Michael's Finer Meats and Seafood,Food,1921.03,,
,06/02/2021,Bill Payment (Check),9514,Michael's Finer Meats and Seafood,,-4407.7,,
,05/29/2021,Bill,2362431,Michael's Finer Meats and Seafood,Food,1688.85,,
,05/29/2021,Bill,2362206,Michael's Finer Meats and Seafood,Food,92.22,,
,05/28/2021,Bill,2361868,Michael's Finer Meats and Seafood,Food,209.13,,
,05/24/2021,Bill,2359844,Michael's Finer Meats and Seafood,Food,1378.22,,
,05/21/2021,Bill,2359527,Michael's Finer Meats and Seafood,Food,87.45,,
,05/20/2021,Bill,2358825,Michael's Finer Meats and Seafood,Food,87.36,,
,05/19/2021,Bill Payment (Check),9496,Michael's Finer Meats and Seafood,,-3946.85,,
,05/19/2021,Bill,2358460,Michael's Finer Meats and Seafood,Food,151.92,,
,05/14/2021,Bill Payment (Check),9490,Michael's Finer Meats and Seafood,,-1870.36,,
,05/13/2021,Bill,2356531,Michael's Finer Meats and Seafood,Food,166.88,,
,05/13/2021,Bill,2356453,Michael's Finer Meats and Seafood,Food,2535.87,,
,05/12/2021,Bill Payment (Check),9478,Michael's Finer Meats and Seafood,,-1743.1,,
,05/11/2021,Bill,2355578,Michael's Finer Meats and Seafood,Food,125.95,,
,05/11/2021,Bill,2355576,Michael's Finer Meats and Seafood,Food,1511.11,,
,05/10/2021,Bill,2355272,Michael's Finer Meats and Seafood,Food,622.09,,
,05/10/2021,Bill,2355040,Michael's Finer Meats and Seafood,Food,265.01,,
,05/07/2021,Bill,2354543,Michael's Finer Meats and Seafood,Food,96.4,,
,05/06/2021,Bill,2353906,Michael's Finer Meats and Seafood,Food,252.58,,
,05/06/2021,Bill,2354002,Michael's Finer Meats and Seafood,Food,52.1,,
,05/05/2021,Bill,2353311,Michael's Finer Meats and Seafood,Food,459.31,,
,05/05/2021,Bill,2353550,Michael's Finer Meats and Seafood,Food,281.88,,
,05/01/2021,Bill,2360947,Michael's Finer Meats and Seafood,Food,966.91,,
,04/29/2021,Bill,2351612,Michael's Finer Meats and Seafood,Food,169.9,,
,04/29/2021,Bill,2351294,Michael's Finer Meats and Seafood,Food,110.52,,
,04/28/2021,Bill,2351105,Michael's Finer Meats and Seafood,Food,869.84,,
,04/27/2021,Bill,2350763,Michael's Finer Meats and Seafood,Food,143.69,,
,04/26/2021,Bill,2349785,Michael's Finer Meats and Seafood,Food,159.92,,
,04/23/2021,Bill,2349378,Michael's Finer Meats and Seafood,Food,116.49,,
,04/21/2021,Bill,2347493,Michael's Finer Meats and Seafood,Food,35.46,,
,04/21/2021,Bill,2348540,Michael's Finer Meats and Seafood,Food,125.95,,
,04/21/2021,Bill,2348433,Michael's Finer Meats and Seafood,Food,580.42,,
,04/16/2021,Bill,2346752,Michael's Finer Meats and Seafood,Food,780.19,,
,04/14/2021,Bill,2346154,Michael's Finer Meats and Seafood,Food,53.97,,
,04/13/2021,Bill,2345781,Michael's Finer Meats and Seafood,Food,747.53,,
,04/13/2021,Bill Payment (Check),9450,Michael's Finer Meats and Seafood,,-3967.64,,
,04/09/2021,Bill,2344776,Michael's Finer Meats and Seafood,Food,175.81,,
,04/07/2021,Bill,2344062,Michael's Finer Meats and Seafood,Food,88.07,,
,04/06/2021,Bill,2343398,Michael's Finer Meats and Seafood,Food,10.36,,
,04/03/2021,Bill,2343125,Michael's Finer Meats and Seafood,Food,62.21,,
,04/01/2021,Bill,2342321,Michael's Finer Meats and Seafood,Food,53.47,,
,04/01/2021,Bill,2342239,Michael's Finer Meats and Seafood,Food,432.75,,
,03/30/2021,Bill,2341644,Michael's Finer Meats and Seafood,Food,947.99,,
,03/25/2021,Bill,2340053,Michael's Finer Meats and Seafood,Food,164.87,,
,03/23/2021,Bill,2339368,Michael's Finer Meats and Seafood,Food,625.2,,
,03/23/2021,Bill,2339427,Michael's Finer Meats and Seafood,Food,151.13,,
,03/23/2021,Bill,2339396,Michael's Finer Meats and Seafood,Food,75.9,,
,03/23/2021,Bill Payment (Check),online107,Michael's Finer Meats and Seafood,,-1649.08,,
,03/15/2021,Bill,2336577,Michael's Finer Meats and Seafood,Food,83.92,,
,03/12/2021,Bill,2336183,Michael's Finer Meats and Seafood,Food,1095.96,,
,03/04/2021,Bill Payment (Check),online 112,Michael's Finer Meats and Seafood,,-5401.17,,
,02/11/2021,Bill,2327688,Michael's Finer Meats and Seafood,Food,522.2,,
,02/10/2021,Bill,2326675,Michael's Finer Meats and Seafood,Food,168.46,,
,02/01/2021,Bill,2324333,Michael's Finer Meats and Seafood,Food,51.98,,
,01/13/2021,Bill Payment (Check),online 106,Michael's Finer Meats and Seafood,,-1168.95,,
,12/29/2020,Bill,2315804,Michael's Finer Meats and Seafood,Food,906.44,,
,12/22/2020,Bill,2314456,Michael's Finer Meats and Seafood,Food,811.72,,
,12/22/2020,Bill,2314372,Michael's Finer Meats and Seafood,Food,964.07,,
,12/22/2020,Bill,2314440,Michael's Finer Meats and Seafood,Food,186.16,,
,12/22/2020,Bill,2314059,Michael's Finer Meats and Seafood,Food,149.74,,
,12/21/2020,Bill,2313564,Michael's Finer Meats and Seafood,Food,2021.51,,
,12/12/2020,Bill,2311085,Michael's Finer Meats and Seafood,Food,317.51,,
,12/08/2020,Bill,2309802,Michael's Finer Meats and Seafood,Food,58.01,,
,12/08/2020,Bill,2309769,Michael's Finer Meats and Seafood,Food,136.81,,
,12/04/2020,Bill,2308952,Michael's Finer Meats and Seafood,Food,216.77,,
,11/30/2020,Bill Payment (Check),9403,Michael's Finer Meats and Seafood,,-4122.75,,
,11/19/2020,Bill,2304189,Michael's Finer Meats and Seafood,Food,161.96,,
,11/17/2020,Bill,2304247,Michael's Finer Meats and Seafood,Food,277.89,,
,11/04/2020,Bill,2300922,Michael's Finer Meats and Seafood,Food,38.95,,
,10/29/2020,Bill Payment (Check),9391,Michael's Finer Meats and Seafood,,-931.85,,
,10/20/2020,Bill,2295950,Michael's Finer Meats and Seafood,Food,1535.16,,
,10/07/2020,Bill Payment (Check),9366,Michael's Finer Meats and Seafood,,-1029.36,,
,10/06/2020,Bill,2291346,Michael's Finer Meats and Seafood,Food,2548.64,,
,09/18/2020,Bill Payment (Check),9349,Michael's Finer Meats and Seafood,,-308.69,,
,09/15/2020,Bill,2285612,Michael's Finer Meats and Seafood,Food,510.77,,
,09/09/2020,Bill,3283228,Michael's Finer Meats and Seafood,Food,328.53,,
,09/02/2020,Bill,2281294,Michael's Finer Meats and Seafood,Food,428.67,,
,08/18/2020,Bill,2276335,Michael's Finer Meats and Seafood,Food,613.09,,
,08/18/2020,Bill Payment (Check),9267,Michael's Finer Meats and Seafood,,-530.62,,
,08/10/2020,Bill,2273817,Michael's Finer Meats and Seafood,Food,318.76,,
,08/06/2020,Bill,2272817,Michael's Finer Meats and Seafood,Food,451.3,,
,07/31/2020,Bill,2271210,Michael's Finer Meats and Seafood,Food,578.06,,
,07/29/2020,Bill Payment (Check),9314,Michael's Finer Meats and Seafood,,-281.2,,
,07/16/2020,Bill Payment (Check),9303,Michael's Finer Meats and Seafood,,-984.89,,
,07/06/2020,Bill,2263854,Michael's Finer Meats and Seafood,Food,308.69,,
,07/03/2020,Bill,2263560,Michael's Finer Meats and Seafood,Food,47.32,,
,06/30/2020,Bill,2262484,Michael's Finer Meats and Seafood,Food,82.19,,
,06/30/2020,Bill,2262424,Michael's Finer Meats and Seafood,Food,33.97,,
,06/24/2020,Bill,2260768,Michael's Finer Meats and Seafood,Food,367.14,,
,06/19/2020,Bill,2259524,Michael's Finer Meats and Seafood,Food,281.2,,
,06/16/2020,Bill Payment (Check),online,Michael's Finer Meats and Seafood,,-346.32,,
,06/11/2020,Bill,,Michael's Finer Meats and Seafood,Food,250.94,,
,06/09/2020,Bill,2255639,Michael's Finer Meats and Seafood,Food,373.53,,
,06/04/2020,Bill,2254710,Michael's Finer Meats and Seafood,Food,360.42,,
,05/19/2020,Bill,2250535,Michael's Finer Meats and Seafood,Food,346.32,,
,05/07/2020,Bill Payment (Check),7,Michael's Finer Meats and Seafood,,-140.21,,
,03/11/2020,Bill,2237707,Michael's Finer Meats and Seafood,Food,140.21,,
,03/09/2020,Bill Payment (Check),9228,Michael's Finer Meats and Seafood,,-240.05,,
,02/18/2020,Bill Payment (Check),9187,Michael's Finer Meats and Seafood,,-307.83,,
,02/03/2020,Bill,2217831,Michael's Finer Meats and Seafood,Food,240.05,,
,01/31/2020,Bill,2216635,Michael's Finer Meats and Seafood,Food,239.97,,
,01/31/2020,Bill,2216967,Michael's Finer Meats and Seafood,Food,67.86,,
,12/23/2019,Bill Payment (Check),9073,Michael's Finer Meats and Seafood,,-468.78,,
,12/09/2019,Bill,2194107,Michael's Finer Meats and Seafood,Food,319.55,,
,11/27/2019,Bill Payment (Check),8991,Michael's Finer Meats and Seafood,,-250.83,,
,11/20/2019,Bill,2185734,Michael's Finer Meats and Seafood,Food,149.23,,
,11/08/2019,Bill Payment (Check),8956,Michael's Finer Meats and Seafood,,-3180.65,,
,10/31/2019,Bill,2176151,Michael's Finer Meats and Seafood,Food,250.83,,
,10/24/2019,Bill,2172895,Michael's Finer Meats and Seafood,Food,247.79,,
,10/23/2019,Bill,2172330,Michael's Finer Meats and Seafood,Food,2932.86,,
,10/23/2019,Bill Payment (Check),8919,Michael's Finer Meats and Seafood,,-486.85,,
,10/11/2019,Bill Payment (Check),8889,Michael's Finer Meats and Seafood,,-1012.5,,
,10/08/2019,Bill,2166926,Michael's Finer Meats and Seafood,Food,333.53,,
,10/05/2019,Bill,2161103,Michael's Finer Meats and Seafood,Food,408.22,,
,10/04/2019,Bill,2162203,Michael's Finer Meats and Seafood,Food,270.75,,
,09/27/2019,Bill,2170108,Michael's Finer Meats and Seafood,Food,247.25,,
,09/27/2019,Bill,2170557,Michael's Finer Meats and Seafood,Food,239.6,,
,09/26/2019,Bill Payment (Check),8855,Michael's Finer Meats and Seafood,,-1403.89,,
,09/19/2019,Bill,2157164,Michael's Finer Meats and Seafood,Food,613.38,,
,09/09/2019,Bill,2157437,Michael's Finer Meats and Seafood,Food,790.51,,
